quarter,label,snapshot_date,archive_timestamp,view,queue,view_label,pages_discovered,topics_on_first_page,estimated_total_topics,first_page_replies,first_page_participants,first_page_no_reply_topics,first_page_resolved_badges,first_page_forums,first_page_starters,latest_activity_at,oldest_activity_at,archive_original_url,archive_digest,source,source_url,source_note,collected_at
2018-01-01,2018-Q1,2018-01-01,20180101041236,all_topics,all,Recent support topics,50584,15,758760,25,28,2,5,3,14,,,https://wordpress.org/support/view/all-topics/,IR7NPB7BYXXIRPYBWKFV2NVE57YGJHKA,Internet Archive Wayback first-page snapshot of WordPress.org support view,https://web.archive.org/web/20180101041236id_/https://wordpress.org/support/view/all-topics/,"Estimated total topics equals pagination pages times first-page topic count; this is a queue-size estimate, not a full topic export.",2026-06-14T23:34:35Z
2018-01-01,2018-Q1,2018-01-01,20180101041248,no_replies,no_replies,Topics with no replies,1,12,12,0,12,12,0,4,12,,,https://wordpress.org/support/view/no-replies/,4TBIXOPP73YOX7PDF7RAJYL6GHEKKPEN,Internet Archive Wayback first-page snapshot of WordPress.org support view,https://web.archive.org/web/20180101041248id_/https://wordpress.org/support/view/no-replies/,"Estimated total topics equals pagination pages times first-page topic count; this is a queue-size estimate, not a full topic export.",2026-06-14T23:34:35Z
2018-01-01,2018-Q1,2018-01-01,20180101082701,resolved,resolved,Resolved topics,215,15,3225,45,33,0,15,4,14,,,https://wordpress.org/support/view/support-forum-yes/,VB6P5T6M2H6SBOAO5J7KYFNV5PTTALCJ,Internet Archive Wayback first-page snapshot of WordPress.org support view,https://web.archive.org/web/20180101082701id_/https://wordpress.org/support/view/support-forum-yes/,"Estimated total topics equals pagination pages times first-page topic count; this is a queue-size estimate, not a full topic export.",2026-06-14T23:34:35Z
2018-01-01,2018-Q1,2018-01-01,20180101041253,unresolved,unresolved,Unresolved topics,710,15,10650,18,26,3,0,1,15,,,https://wordpress.org/support/view/support-forum-no/,3SMIDSUWWXRE7BAJUPI7QIUSBONMZH65,Internet Archive Wayback first-page snapshot of WordPress.org support view,https://web.archive.org/web/20180101041253id_/https://wordpress.org/support/view/support-forum-no/,"Estimated total topics equals pagination pages times first-page topic count; this is a queue-size estimate, not a full topic export.",2026-06-14T23:34:35Z
2018-04-01,2018-Q2,2018-04-01,20180401044008,all_topics,all,Recent support topics,99,30,2970,33,42,17,2,6,30,,,https://wordpress.org/support/view/all-topics/,JTOA7SIXM5QNZU6IQ5Z6OX2UWOKPHG3Q,Internet Archive Wayback first-page snapshot of WordPress.org support view,https://web.archive.org/web/20180401044008id_/https://wordpress.org/support/view/all-topics/,"Estimated total topics equals pagination pages times first-page topic count; this is a queue-size estimate, not a full topic export.",2026-06-14T23:34:35Z
2018-04-01,2018-Q2,2018-04-01,20180401044010,no_replies,no_replies,Topics with no replies,5,30,150,0,30,30,0,5,30,,,https://wordpress.org/support/view/no-replies/,VTEW43HUXE752SE3XAEW4JBPO5NZKAKP,Internet Archive Wayback first-page snapshot of WordPress.org support view,https://web.archive.org/web/20180401044010id_/https://wordpress.org/support/view/no-replies/,"Estimated total topics equals pagination pages times first-page topic count; this is a queue-size estimate, not a full topic export.",2026-06-14T23:34:35Z
2018-04-01,2018-Q2,2018-04-01,20180401193203,resolved,resolved,Resolved topics,101,30,3030,73,57,2,29,5,30,,,https://wordpress.org/support/view/support-forum-yes/,Y4VMMNIV7PH56FI4KFIT6ZISXM7D6VJ5,Internet Archive Wayback first-page snapshot of WordPress.org support view,https://web.archive.org/web/20180401193203id_/https://wordpress.org/support/view/support-forum-yes/,"Estimated total topics equals pagination pages times first-page topic count; this is a queue-size estimate, not a full topic export.",2026-06-14T23:34:35Z
2018-04-01,2018-Q2,2018-04-01,20180401044013,unresolved,unresolved,Unresolved topics,363,30,10890,31,41,18,0,6,30,,,https://wordpress.org/support/view/support-forum-no/,GJBCDPFGRTNLAOMUE7RJSVQG5Q6QXM2F,Internet Archive Wayback first-page snapshot of WordPress.org support view,https://web.archive.org/web/20180401044013id_/https://wordpress.org/support/view/support-forum-no/,"Estimated total topics equals pagination pages times first-page topic count; this is a queue-size estimate, not a full topic export.",2026-06-14T23:34:35Z
2018-07-01,2018-Q3,2018-07-17,20180717215205,all_topics,all,Recent support topics,99,30,2970,44,58,5,1,4,28,,,https://wordpress.org/support/view/all-topics/,EEUGWXVYF2ODGIXV6SUB2IQOD6H7EKZY,Internet Archive Wayback first-page snapshot of WordPress.org support view,https://web.archive.org/web/20180717215205id_/https://wordpress.org/support/view/all-topics/,"Estimated total topics equals pagination pages times first-page topic count; this is a queue-size estimate, not a full topic export.",2026-06-14T23:34:35Z
2018-07-01,2018-Q3,2018-07-17,20180717215211,no_replies,no_replies,Topics with no replies,1,9,9,0,9,9,0,3,9,,,https://wordpress.org/support/view/no-replies/,3FENYDBNSCFJ7FVFL6WWG2GCMULP7VOT,Internet Archive Wayback first-page snapshot of WordPress.org support view,https://web.archive.org/web/20180717215211id_/https://wordpress.org/support/view/no-replies/,"Estimated total topics equals pagination pages times first-page topic count; this is a queue-size estimate, not a full topic export.",2026-06-14T23:34:35Z
2018-07-01,2018-Q3,2018-08-24,20180824085122,resolved,resolved,Resolved topics,78,30,2340,118,62,1,30,4,29,,,https://wordpress.org/support/view/support-forum-yes/,YZVC4LG5X5NZA7PGEI7HDJBMDNMNANOP,Internet Archive Wayback first-page snapshot of WordPress.org support view,https://web.archive.org/web/20180824085122id_/https://wordpress.org/support/view/support-forum-yes/,"Estimated total topics equals pagination pages times first-page topic count; this is a queue-size estimate, not a full topic export.",2026-06-14T23:34:35Z
2018-07-01,2018-Q3,2018-07-17,20180717215217,unresolved,unresolved,Unresolved topics,348,30,10440,41,59,5,0,4,28,,,https://wordpress.org/support/view/support-forum-no/,4NZT3EXPGL72H6BWOIQYHRDVGEZWG7FS,Internet Archive Wayback first-page snapshot of WordPress.org support view,https://web.archive.org/web/20180717215217id_/https://wordpress.org/support/view/support-forum-no/,"Estimated total topics equals pagination pages times first-page topic count; this is a queue-size estimate, not a full topic export.",2026-06-14T23:34:35Z
2018-10-01,2018-Q4,2018-10-01,20181001023144,all_topics,all,Recent support topics,99,30,2970,57,65,2,2,3,29,,,https://wordpress.org/support/view/all-topics/,6JFXVJPXZOKDRDS32S6TCKBKJV4AID7K,Internet Archive Wayback first-page snapshot of WordPress.org support view,https://web.archive.org/web/20181001023144id_/https://wordpress.org/support/view/all-topics/,"Estimated total topics equals pagination pages times first-page topic count; this is a queue-size estimate, not a full topic export.",2026-06-14T23:34:35Z
2018-10-01,2018-Q4,2018-10-01,20181001023150,no_replies,no_replies,Topics with no replies,1,0,0,0,0,0,0,0,0,,,https://wordpress.org/support/view/no-replies/,HHUJBQIAYUQV4FK4NKMJQI3BO7UJ23EI,Internet Archive Wayback first-page snapshot of WordPress.org support view,https://web.archive.org/web/20181001023150id_/https://wordpress.org/support/view/no-replies/,"Estimated total topics equals pagination pages times first-page topic count; this is a queue-size estimate, not a full topic export.",2026-06-14T23:34:35Z
2018-10-01,2018-Q4,2018-10-01,20181001215558,resolved,resolved,Resolved topics,75,30,2250,115,74,0,30,4,30,,,https://wordpress.org/support/view/support-forum-yes/,6I5VW5CCAR5PFMDTT2COY3REU2MHZYUL,Internet Archive Wayback first-page snapshot of WordPress.org support view,https://web.archive.org/web/20181001215558id_/https://wordpress.org/support/view/support-forum-yes/,"Estimated total topics equals pagination pages times first-page topic count; this is a queue-size estimate, not a full topic export.",2026-06-14T23:34:35Z
2018-10-01,2018-Q4,2018-10-01,20181001023155,unresolved,unresolved,Unresolved topics,326,30,9780,60,67,0,0,3,29,,,https://wordpress.org/support/view/support-forum-no/,PJ2QORBXCN5NHK3VZPP3LJ4BZQDEVDP4,Internet Archive Wayback first-page snapshot of WordPress.org support view,https://web.archive.org/web/20181001023155id_/https://wordpress.org/support/view/support-forum-no/,"Estimated total topics equals pagination pages times first-page topic count; this is a queue-size estimate, not a full topic export.",2026-06-14T23:34:35Z
2019-01-01,2019-Q1,2019-01-01,20190101185322,all_topics,all,Recent support topics,99,30,2970,73,74,1,5,4,29,,,https://wordpress.org/support/view/all-topics/,47F4CHCUSMZQDIK6M47VLCKVNGEHZBGO,Internet Archive Wayback first-page snapshot of WordPress.org support view,https://web.archive.org/web/20190101185322id_/https://wordpress.org/support/view/all-topics/,"Estimated total topics equals pagination pages times first-page topic count; this is a queue-size estimate, not a full topic export.",2026-06-14T23:34:35Z
2019-01-01,2019-Q1,2019-01-01,20190101185327,no_replies,no_replies,Topics with no replies,1,7,7,0,8,7,0,2,7,,,https://wordpress.org/support/view/no-replies/,UJZZBHOOQE62W4PGLMFYVF4LLP35HDET,Internet Archive Wayback first-page snapshot of WordPress.org support view,https://web.archive.org/web/20190101185327id_/https://wordpress.org/support/view/no-replies/,"Estimated total topics equals pagination pages times first-page topic count; this is a queue-size estimate, not a full topic export.",2026-06-14T23:34:35Z
2019-01-01,2019-Q1,2019-01-19,20190119211142,resolved,resolved,Resolved topics,81,30,2430,99,63,1,30,4,30,,,https://wordpress.org/support/view/support-forum-yes/,ON243I45UO23SKZ4K6MPZTEVMABGSGP4,Internet Archive Wayback first-page snapshot of WordPress.org support view,https://web.archive.org/web/20190119211142id_/https://wordpress.org/support/view/support-forum-yes/,"Estimated total topics equals pagination pages times first-page topic count; this is a queue-size estimate, not a full topic export.",2026-06-14T23:34:35Z
2019-01-01,2019-Q1,2019-01-01,20190101185334,unresolved,unresolved,Unresolved topics,319,30,9570,71,75,0,0,4,29,,,https://wordpress.org/support/view/support-forum-no/,GVTL33DAQPHTQECH6B32C7IXK5HDWUGL,Internet Archive Wayback first-page snapshot of WordPress.org support view,https://web.archive.org/web/20190101185334id_/https://wordpress.org/support/view/support-forum-no/,"Estimated total topics equals pagination pages times first-page topic count; this is a queue-size estimate, not a full topic export.",2026-06-14T23:34:35Z
2019-04-01,2019-Q2,2019-04-01,20190401062745,all_topics,all,Recent support topics,49,30,1470,39,55,9,2,5,29,,,https://wordpress.org/support/view/all-topics/,BDMIODPVQSP6BUUUIMRE7FRL4BVXOY3X,Internet Archive Wayback first-page snapshot of WordPress.org support view,https://web.archive.org/web/20190401062745id_/https://wordpress.org/support/view/all-topics/,"Estimated total topics equals pagination pages times first-page topic count; this is a queue-size estimate, not a full topic export.",2026-06-14T23:34:35Z
2019-04-01,2019-Q2,2019-04-01,20190401070145,no_replies,no_replies,Topics with no replies,1,29,29,0,32,29,0,6,29,,,https://wordpress.org/support/view/no-replies/,3NTSLYRARF4R3LFLV3FC4UQWE3EHKBZ4,Internet Archive Wayback first-page snapshot of WordPress.org support view,https://web.archive.org/web/20190401070145id_/https://wordpress.org/support/view/no-replies/,"Estimated total topics equals pagination pages times first-page topic count; this is a queue-size estimate, not a full topic export.",2026-06-14T23:34:35Z
2019-04-01,2019-Q2,2019-04-01,20190401092711,resolved,resolved,Resolved topics,49,30,1470,109,67,0,30,4,28,,,https://wordpress.org/support/view/support-forum-yes/,KGC2BDRZ6Q7DP4FLVIKMHVS66UQKFWBE,Internet Archive Wayback first-page snapshot of WordPress.org support view,https://web.archive.org/web/20190401092711id_/https://wordpress.org/support/view/support-forum-yes/,"Estimated total topics equals pagination pages times first-page topic count; this is a queue-size estimate, not a full topic export.",2026-06-14T23:34:35Z
2019-04-01,2019-Q2,2019-04-01,20190401070151,unresolved,unresolved,Unresolved topics,49,30,1470,36,57,6,0,6,29,,,https://wordpress.org/support/view/support-forum-no/,FB5OOXC37IOLPKIQ3BLDV2U2WPHKUTVG,Internet Archive Wayback first-page snapshot of WordPress.org support view,https://web.archive.org/web/20190401070151id_/https://wordpress.org/support/view/support-forum-no/,"Estimated total topics equals pagination pages times first-page topic count; this is a queue-size estimate, not a full topic export.",2026-06-14T23:34:35Z
2019-07-01,2019-Q3,2019-07-01,20190701030747,all_topics,all,Recent support topics,49,30,1470,46,55,7,5,5,29,,,https://wordpress.org/support/view/all-topics/,VRO5VVIZDD4EWLA3JYZ2TETAB7K7BK6G,Internet Archive Wayback first-page snapshot of WordPress.org support view,https://web.archive.org/web/20190701030747id_/https://wordpress.org/support/view/all-topics/,"Estimated total topics equals pagination pages times first-page topic count; this is a queue-size estimate, not a full topic export.",2026-06-14T23:34:35Z
2019-07-01,2019-Q3,2019-07-01,20190701030752,no_replies,no_replies,Topics with no replies,2,30,60,0,30,30,0,6,30,,,https://wordpress.org/support/view/no-replies/,ER7DEWBFG6W3HICM2VWCGSSS5KOGPLMU,Internet Archive Wayback first-page snapshot of WordPress.org support view,https://web.archive.org/web/20190701030752id_/https://wordpress.org/support/view/no-replies/,"Estimated total topics equals pagination pages times first-page topic count; this is a queue-size estimate, not a full topic export.",2026-06-14T23:34:35Z
2019-07-01,2019-Q3,2019-07-02,20190702143112,resolved,resolved,Resolved topics,49,30,1470,108,66,0,30,3,29,,,https://wordpress.org/support/view/support-forum-yes/,VU47WKTCQEJ5ACFQHDQO7WWNHHQFHBMU,Internet Archive Wayback first-page snapshot of WordPress.org support view,https://web.archive.org/web/20190702143112id_/https://wordpress.org/support/view/support-forum-yes/,"Estimated total topics equals pagination pages times first-page topic count; this is a queue-size estimate, not a full topic export.",2026-06-14T23:34:35Z
2019-07-01,2019-Q3,2019-07-01,20190701030802,unresolved,unresolved,Unresolved topics,49,30,1470,49,55,8,0,5,30,,,https://wordpress.org/support/view/support-forum-no/,ZDEGFBHWKN67QO7OZ33LJIXQ6JLB6O2S,Internet Archive Wayback first-page snapshot of WordPress.org support view,https://web.archive.org/web/20190701030802id_/https://wordpress.org/support/view/support-forum-no/,"Estimated total topics equals pagination pages times first-page topic count; this is a queue-size estimate, not a full topic export.",2026-06-14T23:34:35Z
2019-10-01,2019-Q4,2019-10-04,20191004194129,all_topics,all,Recent support topics,49,30,1470,35,54,8,0,4,30,,,https://wordpress.org/support/view/all-topics/,CRC34V33ULMNQPLRQANKULZTXEE42SHG,Internet Archive Wayback first-page snapshot of WordPress.org support view,https://web.archive.org/web/20191004194129id_/https://wordpress.org/support/view/all-topics/,"Estimated total topics equals pagination pages times first-page topic count; this is a queue-size estimate, not a full topic export.",2026-06-14T23:34:35Z
2019-10-01,2019-Q4,2019-10-04,20191004194138,no_replies,no_replies,Topics with no replies,2,30,60,1,30,29,0,5,30,,,https://wordpress.org/support/view/no-replies/,KLV3PGHLSE7MQWZEF2MM52O53DLQUMVF,Internet Archive Wayback first-page snapshot of WordPress.org support view,https://web.archive.org/web/20191004194138id_/https://wordpress.org/support/view/no-replies/,"Estimated total topics equals pagination pages times first-page topic count; this is a queue-size estimate, not a full topic export.",2026-06-14T23:34:35Z
2019-10-01,2019-Q4,2019-10-06,20191006151654,resolved,resolved,Resolved topics,49,30,1470,94,65,1,30,5,30,,,https://wordpress.org/support/view/support-forum-yes/,UZLTGUZSPLUOYP3N5ZYFDUV3JSPLV4MS,Internet Archive Wayback first-page snapshot of WordPress.org support view,https://web.archive.org/web/20191006151654id_/https://wordpress.org/support/view/support-forum-yes/,"Estimated total topics equals pagination pages times first-page topic count; this is a queue-size estimate, not a full topic export.",2026-06-14T23:34:35Z
2019-10-01,2019-Q4,2019-10-04,20191004194157,unresolved,unresolved,Unresolved topics,49,30,1470,36,55,7,0,4,30,,,https://wordpress.org/support/view/support-forum-no/,37LLCYTFSUWWUHP2RTUUDLJK2FOPVZD7,Internet Archive Wayback first-page snapshot of WordPress.org support view,https://web.archive.org/web/20191004194157id_/https://wordpress.org/support/view/support-forum-no/,"Estimated total topics equals pagination pages times first-page topic count; this is a queue-size estimate, not a full topic export.",2026-06-14T23:34:35Z
2020-01-01,2020-Q1,2020-01-01,20200101233831,all_topics,all,Recent support topics,49,30,1470,48,60,3,3,5,30,,,https://wordpress.org/support/view/all-topics/,OXUU2WHDO4WHOZLB5JSRIRBNQ5GKRKDV,Internet Archive Wayback first-page snapshot of WordPress.org support view,https://web.archive.org/web/20200101233831id_/https://wordpress.org/support/view/all-topics/,"Estimated total topics equals pagination pages times first-page topic count; this is a queue-size estimate, not a full topic export.",2026-06-14T23:34:35Z
2020-01-01,2020-Q1,2020-01-01,20200101233837,no_replies,no_replies,Topics with no replies,1,10,10,0,10,10,0,3,10,,,https://wordpress.org/support/view/no-replies/,IEZ2YB4BPU4V6KTNO7VAJGON5D2ITMU6,Internet Archive Wayback first-page snapshot of WordPress.org support view,https://web.archive.org/web/20200101233837id_/https://wordpress.org/support/view/no-replies/,"Estimated total topics equals pagination pages times first-page topic count; this is a queue-size estimate, not a full topic export.",2026-06-14T23:34:35Z
2020-01-01,2020-Q1,2020-01-01,20200101101230,resolved,resolved,Resolved topics,49,30,1470,119,67,3,30,5,29,,,https://wordpress.org/support/view/support-forum-yes/,ZAPHHQT2THAT3KS2E2WFZQ3W5GOLRYAB,Internet Archive Wayback first-page snapshot of WordPress.org support view,https://web.archive.org/web/20200101101230id_/https://wordpress.org/support/view/support-forum-yes/,"Estimated total topics equals pagination pages times first-page topic count; this is a queue-size estimate, not a full topic export.",2026-06-14T23:34:35Z
2020-01-01,2020-Q1,2020-01-01,20200101233841,unresolved,unresolved,Unresolved topics,49,30,1470,60,65,3,0,4,30,,,https://wordpress.org/support/view/support-forum-no/,WKSTQ37UT3X67JZZQ4DEWL3V4KZ2MZQ7,Internet Archive Wayback first-page snapshot of WordPress.org support view,https://web.archive.org/web/20200101233841id_/https://wordpress.org/support/view/support-forum-no/,"Estimated total topics equals pagination pages times first-page topic count; this is a queue-size estimate, not a full topic export.",2026-06-14T23:34:35Z
2020-04-01,2020-Q2,2020-04-01,20200401181315,all_topics,all,Recent support topics,49,30,1470,53,66,2,2,4,30,,,https://wordpress.org/support/view/all-topics/,UEQIZWQEQQ42AC7VCWZKVF5QXNTWJWN7,Internet Archive Wayback first-page snapshot of WordPress.org support view,https://web.archive.org/web/20200401181315id_/https://wordpress.org/support/view/all-topics/,"Estimated total topics equals pagination pages times first-page topic count; this is a queue-size estimate, not a full topic export.",2026-06-14T23:34:35Z
2020-04-01,2020-Q2,2020-04-01,20200401181322,no_replies,no_replies,Topics with no replies,1,8,8,0,8,8,0,4,8,,,https://wordpress.org/support/view/no-replies/,WTWIV3IVUPYWNH6HWR362SEWD553CV2T,Internet Archive Wayback first-page snapshot of WordPress.org support view,https://web.archive.org/web/20200401181322id_/https://wordpress.org/support/view/no-replies/,"Estimated total topics equals pagination pages times first-page topic count; this is a queue-size estimate, not a full topic export.",2026-06-14T23:34:35Z
2020-04-01,2020-Q2,2020-04-02,20200402012616,resolved,resolved,Resolved topics,49,30,1470,114,81,0,30,4,29,,,https://wordpress.org/support/view/support-forum-yes/,ZMQKRCOLHO27J2WPUUSZ5ZWCMLB5ER7R,Internet Archive Wayback first-page snapshot of WordPress.org support view,https://web.archive.org/web/20200402012616id_/https://wordpress.org/support/view/support-forum-yes/,"Estimated total topics equals pagination pages times first-page topic count; this is a queue-size estimate, not a full topic export.",2026-06-14T23:34:35Z
2020-04-01,2020-Q2,2020-04-01,20200401181332,unresolved,unresolved,Unresolved topics,49,30,1470,54,67,2,0,5,30,,,https://wordpress.org/support/view/support-forum-no/,AYBYQAXFPYRGZHP4FRELYLKW4VUDD7DX,Internet Archive Wayback first-page snapshot of WordPress.org support view,https://web.archive.org/web/20200401181332id_/https://wordpress.org/support/view/support-forum-no/,"Estimated total topics equals pagination pages times first-page topic count; this is a queue-size estimate, not a full topic export.",2026-06-14T23:34:35Z
2020-07-01,2020-Q3,2020-07-01,20200701190759,all_topics,all,Recent support topics,49,30,1470,48,53,5,1,3,29,2020-07-01T19:04:00Z,2020-07-01T10:38:00Z,https://wordpress.org/support/view/all-topics/,V2PQC62W5EAL6PDTLHAMBVO5XATU52I7,Internet Archive Wayback first-page snapshot of WordPress.org support view,https://web.archive.org/web/20200701190759id_/https://wordpress.org/support/view/all-topics/,"Estimated total topics equals pagination pages times first-page topic count; this is a queue-size estimate, not a full topic export.",2026-06-14T23:34:35Z
2020-07-01,2020-Q3,2020-07-01,20200701044522,no_replies,no_replies,Topics with no replies,2,30,60,0,31,30,0,5,30,,,https://wordpress.org/support/view/no-replies/,6PVHPG6NG7M4RLQHITVXB65GK737ORFK,Internet Archive Wayback first-page snapshot of WordPress.org support view,https://web.archive.org/web/20200701044522id_/https://wordpress.org/support/view/no-replies/,"Estimated total topics equals pagination pages times first-page topic count; this is a queue-size estimate, not a full topic export.",2026-06-14T23:34:35Z
2020-07-01,2020-Q3,2020-07-01,20200701235910,resolved,resolved,Resolved topics,49,30,1470,110,63,1,30,4,30,2020-07-01T21:42:00Z,2020-06-28T20:14:00Z,https://wordpress.org/support/view/support-forum-yes/,LEP6DZ3QOGVARTHSDQTYIYDFLGV22ATX,Internet Archive Wayback first-page snapshot of WordPress.org support view,https://web.archive.org/web/20200701235910id_/https://wordpress.org/support/view/support-forum-yes/,"Estimated total topics equals pagination pages times first-page topic count; this is a queue-size estimate, not a full topic export.",2026-06-14T23:34:35Z
2020-07-01,2020-Q3,2020-07-01,20200701190813,unresolved,unresolved,Unresolved topics,49,30,1470,49,56,5,0,3,28,2020-07-01T19:08:00Z,2020-07-01T10:58:00Z,https://wordpress.org/support/view/support-forum-no/,YD6JFCRYQXP3CKVFZWURQBM23EYTMMRT,Internet Archive Wayback first-page snapshot of WordPress.org support view,https://web.archive.org/web/20200701190813id_/https://wordpress.org/support/view/support-forum-no/,"Estimated total topics equals pagination pages times first-page topic count; this is a queue-size estimate, not a full topic export.",2026-06-14T23:34:35Z
2020-10-01,2020-Q4,2020-10-01,20201001023358,all_topics,all,Recent support topics,49,30,1470,31,51,9,2,5,30,2020-09-30T23:51:00Z,2020-09-30T15:52:00Z,https://wordpress.org/support/view/all-topics/,GGIVMUZQHCQBBQPIQNXA7GTCEAK7T3TJ,Internet Archive Wayback first-page snapshot of WordPress.org support view,https://web.archive.org/web/20201001023358id_/https://wordpress.org/support/view/all-topics/,"Estimated total topics equals pagination pages times first-page topic count; this is a queue-size estimate, not a full topic export.",2026-06-14T23:34:35Z
2020-10-01,2020-Q4,2020-10-01,20201001122259,no_replies,no_replies,Topics with no replies,3,30,90,0,30,30,0,5,29,,,https://wordpress.org/support/view/no-replies/,VHEV7R6RZQTGYSHF3X5UOKTTJYXSVK3V,Internet Archive Wayback first-page snapshot of WordPress.org support view,https://web.archive.org/web/20201001122259id_/https://wordpress.org/support/view/no-replies/,"Estimated total topics equals pagination pages times first-page topic count; this is a queue-size estimate, not a full topic export.",2026-06-14T23:34:35Z
2020-10-01,2020-Q4,2020-10-01,20201001050318,resolved,resolved,Resolved topics,49,30,1470,81,59,0,30,7,30,2020-09-30T23:46:00Z,2020-09-28T15:33:00Z,https://wordpress.org/support/view/support-forum-yes/,BLPF33AODRTSP2B6RQ6ZAXE5S2T4EMIS,Internet Archive Wayback first-page snapshot of WordPress.org support view,https://web.archive.org/web/20201001050318id_/https://wordpress.org/support/view/support-forum-yes/,"Estimated total topics equals pagination pages times first-page topic count; this is a queue-size estimate, not a full topic export.",2026-06-14T23:34:35Z
2020-10-01,2020-Q4,2020-10-01,20201001122310,unresolved,unresolved,Unresolved topics,49,30,1470,11,41,20,0,5,29,2020-10-01T11:48:00Z,2020-10-01T03:45:00Z,https://wordpress.org/support/view/support-forum-no/,524R2UNUIWPBGDJXRZIBOAJOVFH4SACZ,Internet Archive Wayback first-page snapshot of WordPress.org support view,https://web.archive.org/web/20201001122310id_/https://wordpress.org/support/view/support-forum-no/,"Estimated total topics equals pagination pages times first-page topic count; this is a queue-size estimate, not a full topic export.",2026-06-14T23:34:35Z
2021-01-01,2021-Q1,2021-01-01,20210101130304,all_topics,all,Recent support topics,49,30,1470,34,50,12,4,4,29,2021-01-01T12:30:00Z,2020-12-31T22:53:00Z,https://wordpress.org/support/view/all-topics/,I6TDRBPXT7C3IP5OGZGBEKG34GFPH5QX,Internet Archive Wayback first-page snapshot of WordPress.org support view,https://web.archive.org/web/20210101130304id_/https://wordpress.org/support/view/all-topics/,"Estimated total topics equals pagination pages times first-page topic count; this is a queue-size estimate, not a full topic export.",2026-06-14T23:34:35Z
2021-01-01,2021-Q1,2021-01-01,20210101130310,no_replies,no_replies,Topics with no replies,1,19,19,0,20,19,0,4,19,,,https://wordpress.org/support/view/no-replies/,TQO2SUKWDOGLOCBVFEK74ZNYAWT6FJGC,Internet Archive Wayback first-page snapshot of WordPress.org support view,https://web.archive.org/web/20210101130310id_/https://wordpress.org/support/view/no-replies/,"Estimated total topics equals pagination pages times first-page topic count; this is a queue-size estimate, not a full topic export.",2026-06-14T23:34:35Z
2021-01-01,2021-Q1,2021-01-01,20210101223918,resolved,resolved,Resolved topics,49,30,1470,99,62,0,30,6,28,2021-01-01T22:04:00Z,2020-12-29T21:40:00Z,https://wordpress.org/support/view/support-forum-yes/,Y3LAXZO6FZRHON7MSDR6YZQCQKT7ZL5I,Internet Archive Wayback first-page snapshot of WordPress.org support view,https://web.archive.org/web/20210101223918id_/https://wordpress.org/support/view/support-forum-yes/,"Estimated total topics equals pagination pages times first-page topic count; this is a queue-size estimate, not a full topic export.",2026-06-14T23:34:35Z
2021-01-01,2021-Q1,2021-01-01,20210101130315,unresolved,unresolved,Unresolved topics,49,30,1470,35,51,12,0,5,29,2021-01-01T12:30:00Z,2020-12-31T19:52:00Z,https://wordpress.org/support/view/support-forum-no/,7HBSS4UNQFR5F2DBBY53VI7JYWPLHF25,Internet Archive Wayback first-page snapshot of WordPress.org support view,https://web.archive.org/web/20210101130315id_/https://wordpress.org/support/view/support-forum-no/,"Estimated total topics equals pagination pages times first-page topic count; this is a queue-size estimate, not a full topic export.",2026-06-14T23:34:35Z
2021-04-01,2021-Q2,2021-04-10,20210410200030,all_topics,all,Recent support topics,49,30,1470,38,50,9,0,6,30,2021-04-10T19:54:00Z,2021-04-10T11:09:00Z,https://wordpress.org/support/view/all-topics/,NJW7QQ5UW5O2DPC3WWHZHGQNA45K6MIU,Internet Archive Wayback first-page snapshot of WordPress.org support view,https://web.archive.org/web/20210410200030id_/https://wordpress.org/support/view/all-topics/,"Estimated total topics equals pagination pages times first-page topic count; this is a queue-size estimate, not a full topic export.",2026-06-14T23:34:35Z
2021-04-01,2021-Q2,2021-04-10,20210410200058,no_replies,no_replies,Topics with no replies,2,30,60,0,26,30,0,6,30,,,https://wordpress.org/support/view/no-replies/,Q2Y2BZKJ3LVLOGPPULARNUU34KP6UPW5,Internet Archive Wayback first-page snapshot of WordPress.org support view,https://web.archive.org/web/20210410200058id_/https://wordpress.org/support/view/no-replies/,"Estimated total topics equals pagination pages times first-page topic count; this is a queue-size estimate, not a full topic export.",2026-06-14T23:34:35Z
2021-04-01,2021-Q2,2021-04-11,20210411000728,resolved,resolved,Resolved topics,49,30,1470,122,61,1,30,4,29,2021-04-10T22:48:00Z,2021-04-07T05:18:00Z,https://wordpress.org/support/view/support-forum-yes/,P6IJBS2VMZKKKL5FCOVXW3GFWMZ5ARRX,Internet Archive Wayback first-page snapshot of WordPress.org support view,https://web.archive.org/web/20210411000728id_/https://wordpress.org/support/view/support-forum-yes/,"Estimated total topics equals pagination pages times first-page topic count; this is a queue-size estimate, not a full topic export.",2026-06-14T23:34:35Z
2021-04-01,2021-Q2,2021-04-10,20210410200110,unresolved,unresolved,Unresolved topics,49,30,1470,39,51,8,0,6,30,2021-04-10T19:54:00Z,2021-04-10T08:02:00Z,https://wordpress.org/support/view/support-forum-no/,U562DOP5ORFLO6XY55JOLYG6KTRJQTSI,Internet Archive Wayback first-page snapshot of WordPress.org support view,https://web.archive.org/web/20210410200110id_/https://wordpress.org/support/view/support-forum-no/,"Estimated total topics equals pagination pages times first-page topic count; this is a queue-size estimate, not a full topic export.",2026-06-14T23:34:35Z
2021-07-01,2021-Q3,2021-07-01,20210701141322,all_topics,all,Recent support topics,49,30,1470,30,52,10,1,2,29,2021-07-01T14:02:00Z,2021-07-01T07:46:00Z,https://wordpress.org/support/view/all-topics/,TUMNZ7MRU6MLI3YSV4NVQO2Q3FCOMBPU,Internet Archive Wayback first-page snapshot of WordPress.org support view,https://web.archive.org/web/20210701141322id_/https://wordpress.org/support/view/all-topics/,"Estimated total topics equals pagination pages times first-page topic count; this is a queue-size estimate, not a full topic export.",2026-06-14T23:34:35Z
2021-07-01,2021-Q3,2021-07-02,20210702000935,no_replies,no_replies,Topics with no replies,1,8,8,0,8,8,0,2,8,2021-07-01T23:51:00Z,2021-07-01T23:51:00Z,https://wordpress.org/support/view/no-replies/,3GTE4X2WNQVOP6CNQAN6VBQ7IWIHD7NE,Internet Archive Wayback first-page snapshot of WordPress.org support view,https://web.archive.org/web/20210702000935id_/https://wordpress.org/support/view/no-replies/,"Estimated total topics equals pagination pages times first-page topic count; this is a queue-size estimate, not a full topic export.",2026-06-14T23:34:35Z
2021-07-01,2021-Q3,2021-07-01,20210701042517,resolved,resolved,Resolved topics,49,30,1470,79,61,0,30,2,28,2021-07-01T04:19:00Z,2021-06-28T07:32:00Z,https://wordpress.org/support/view/support-forum-yes/,FGUZURYXXMW6YJBLCSRK4MQO6P6CZ6MR,Internet Archive Wayback first-page snapshot of WordPress.org support view,https://web.archive.org/web/20210701042517id_/https://wordpress.org/support/view/support-forum-yes/,"Estimated total topics equals pagination pages times first-page topic count; this is a queue-size estimate, not a full topic export.",2026-06-14T23:34:35Z
2021-07-01,2021-Q3,2021-07-02,20210702000940,unresolved,unresolved,Unresolved topics,49,30,1470,54,64,1,0,2,30,2021-07-01T23:59:00Z,2021-07-01T10:55:00Z,https://wordpress.org/support/view/support-forum-no/,ILUTFG6BGJVUX5TOWKW4QBZSWNS4YSSJ,Internet Archive Wayback first-page snapshot of WordPress.org support view,https://web.archive.org/web/20210702000940id_/https://wordpress.org/support/view/support-forum-no/,"Estimated total topics equals pagination pages times first-page topic count; this is a queue-size estimate, not a full topic export.",2026-06-14T23:34:35Z
2021-10-01,2021-Q4,2021-10-01,20211001123632,all_topics,all,Recent support topics,49,30,1470,65,62,4,1,5,30,2021-10-01T12:20:00Z,2021-09-30T19:39:00Z,https://wordpress.org/support/view/all-topics/,VPMB4DJONNRS245VAO6ZAFAIOHEV4QPK,Internet Archive Wayback first-page snapshot of WordPress.org support view,https://web.archive.org/web/20211001123632id_/https://wordpress.org/support/view/all-topics/,"Estimated total topics equals pagination pages times first-page topic count; this is a queue-size estimate, not a full topic export.",2026-06-14T23:34:35Z
2021-10-01,2021-Q4,2021-10-01,20211001123637,no_replies,no_replies,Topics with no replies,1,5,5,0,5,5,0,2,5,,,https://wordpress.org/support/view/no-replies/,JOONXJJPB5JZY3DCERGNF3QC54XI4YPT,Internet Archive Wayback first-page snapshot of WordPress.org support view,https://web.archive.org/web/20211001123637id_/https://wordpress.org/support/view/no-replies/,"Estimated total topics equals pagination pages times first-page topic count; this is a queue-size estimate, not a full topic export.",2026-06-14T23:34:35Z
2021-10-01,2021-Q4,2021-10-01,20211001215618,resolved,resolved,Resolved topics,49,30,1470,105,65,2,30,3,28,2021-10-01T21:42:00Z,2021-09-28T07:57:00Z,https://wordpress.org/support/view/support-forum-yes/,CQXLA3BMTIP2ILYPKVEVE7RUPJDVK4ET,Internet Archive Wayback first-page snapshot of WordPress.org support view,https://web.archive.org/web/20211001215618id_/https://wordpress.org/support/view/support-forum-yes/,"Estimated total topics equals pagination pages times first-page topic count; this is a queue-size estimate, not a full topic export.",2026-06-14T23:34:35Z
2021-10-01,2021-Q4,2021-10-01,20211001123644,unresolved,unresolved,Unresolved topics,49,30,1470,76,64,3,0,5,30,2021-10-01T12:36:00Z,2021-09-30T18:23:00Z,https://wordpress.org/support/view/support-forum-no/,66O54JHG6GFPNPHDWDYHX4VIV2ITTBZJ,Internet Archive Wayback first-page snapshot of WordPress.org support view,https://web.archive.org/web/20211001123644id_/https://wordpress.org/support/view/support-forum-no/,"Estimated total topics equals pagination pages times first-page topic count; this is a queue-size estimate, not a full topic export.",2026-06-14T23:34:35Z
2022-01-01,2022-Q1,2022-01-01,20220101181834,all_topics,all,Recent support topics,49,30,1470,57,62,3,2,3,30,2022-01-01T18:02:00Z,2021-12-31T13:19:00Z,https://wordpress.org/support/view/all-topics/,BCQRWAFKGR3A5EW5TUWKPMVT4SYXL5HU,Internet Archive Wayback first-page snapshot of WordPress.org support view,https://web.archive.org/web/20220101181834id_/https://wordpress.org/support/view/all-topics/,"Estimated total topics equals pagination pages times first-page topic count; this is a queue-size estimate, not a full topic export.",2026-06-14T23:34:35Z
2022-01-01,2022-Q1,2022-01-01,20220101181838,no_replies,no_replies,Topics with no replies,1,10,10,0,10,10,0,4,9,,,https://wordpress.org/support/view/no-replies/,PYUJHH7VJHW2ZH45EYSKJDJ5PBPDWKX7,Internet Archive Wayback first-page snapshot of WordPress.org support view,https://web.archive.org/web/20220101181838id_/https://wordpress.org/support/view/no-replies/,"Estimated total topics equals pagination pages times first-page topic count; this is a queue-size estimate, not a full topic export.",2026-06-14T23:34:35Z
2022-01-01,2022-Q1,2022-01-02,20220102042653,resolved,resolved,Resolved topics,49,30,1470,99,63,0,30,5,30,2022-01-02T02:49:00Z,2021-12-27T20:37:00Z,https://wordpress.org/support/view/support-forum-yes/,W2QI7YCL2TXS7DPXR2QUCX5AVVWPO3DZ,Internet Archive Wayback first-page snapshot of WordPress.org support view,https://web.archive.org/web/20220102042653id_/https://wordpress.org/support/view/support-forum-yes/,"Estimated total topics equals pagination pages times first-page topic count; this is a queue-size estimate, not a full topic export.",2026-06-14T23:34:35Z
2022-01-01,2022-Q1,2022-01-01,20220101181843,unresolved,unresolved,Unresolved topics,49,30,1470,49,62,3,0,3,30,2022-01-01T17:26:00Z,2021-12-31T07:48:00Z,https://wordpress.org/support/view/support-forum-no/,NIM52MJR62U3W3SVBC3D6MFU2YZGJMPN,Internet Archive Wayback first-page snapshot of WordPress.org support view,https://web.archive.org/web/20220101181843id_/https://wordpress.org/support/view/support-forum-no/,"Estimated total topics equals pagination pages times first-page topic count; this is a queue-size estimate, not a full topic export.",2026-06-14T23:34:35Z
2022-04-01,2022-Q2,2022-04-01,20220401012943,all_topics,all,Recent support topics,49,30,1470,36,47,14,1,5,30,2022-04-01T00:51:00Z,2022-03-31T14:45:00Z,https://wordpress.org/support/view/all-topics/,Z6DJE6SWOHBGL37TXNK42XKPQUO4HRTH,Internet Archive Wayback first-page snapshot of WordPress.org support view,https://web.archive.org/web/20220401012943id_/https://wordpress.org/support/view/all-topics/,"Estimated total topics equals pagination pages times first-page topic count; this is a queue-size estimate, not a full topic export.",2026-06-14T23:34:35Z
2022-04-01,2022-Q2,2022-04-01,20220401012948,no_replies,no_replies,Topics with no replies,1,14,14,0,14,14,0,4,14,,,https://wordpress.org/support/view/no-replies/,GUGQBIGFUS3FVFI5ZH2OLGW3SFZ5T4WX,Internet Archive Wayback first-page snapshot of WordPress.org support view,https://web.archive.org/web/20220401012948id_/https://wordpress.org/support/view/no-replies/,"Estimated total topics equals pagination pages times first-page topic count; this is a queue-size estimate, not a full topic export.",2026-06-14T23:34:35Z
2022-04-01,2022-Q2,2022-04-01,20220401165850,resolved,resolved,Resolved topics,49,30,1470,74,54,4,30,2,28,2022-04-01T16:55:00Z,2022-03-29T04:31:00Z,https://wordpress.org/support/view/support-forum-yes/,RUBVR46QKLYH27V36JTCNRAE2ZQE7EYE,Internet Archive Wayback first-page snapshot of WordPress.org support view,https://web.archive.org/web/20220401165850id_/https://wordpress.org/support/view/support-forum-yes/,"Estimated total topics equals pagination pages times first-page topic count; this is a queue-size estimate, not a full topic export.",2026-06-14T23:34:35Z
2022-04-01,2022-Q2,2022-04-01,20220401012954,unresolved,unresolved,Unresolved topics,49,30,1470,36,48,13,0,5,30,2022-03-31T23:34:00Z,2022-03-31T13:59:00Z,https://wordpress.org/support/view/support-forum-no/,4KVIVV57JMOB4IBPPWCE6W242F367R4C,Internet Archive Wayback first-page snapshot of WordPress.org support view,https://web.archive.org/web/20220401012954id_/https://wordpress.org/support/view/support-forum-no/,"Estimated total topics equals pagination pages times first-page topic count; this is a queue-size estimate, not a full topic export.",2026-06-14T23:34:35Z
2022-07-01,2022-Q3,2022-07-01,20220701185255,all_topics,all,Recent support topics,49,30,1470,44,52,9,1,3,30,2022-07-01T18:51:00Z,2022-07-01T11:39:00Z,https://wordpress.org/support/view/all-topics/,N3YWJKRWM4MOYJD66E3US7J7KBX5WHVK,Internet Archive Wayback first-page snapshot of WordPress.org support view,https://web.archive.org/web/20220701185255id_/https://wordpress.org/support/view/all-topics/,"Estimated total topics equals pagination pages times first-page topic count; this is a queue-size estimate, not a full topic export.",2026-06-14T23:34:35Z
2022-07-01,2022-Q3,2022-07-01,20220701185305,no_replies,no_replies,Topics with no replies,1,14,14,0,14,14,0,2,14,,,https://wordpress.org/support/view/no-replies/,WOQS6TPZV367YNDWLYSTSGOFMRKZ57TP,Internet Archive Wayback first-page snapshot of WordPress.org support view,https://web.archive.org/web/20220701185305id_/https://wordpress.org/support/view/no-replies/,"Estimated total topics equals pagination pages times first-page topic count; this is a queue-size estimate, not a full topic export.",2026-06-14T23:34:35Z
2022-07-01,2022-Q3,2022-07-01,20220701061228,resolved,resolved,Resolved topics,49,30,1470,80,60,1,30,5,30,2022-07-01T02:36:00Z,2022-06-27T12:14:00Z,https://wordpress.org/support/view/support-forum-yes/,WIABPDLSFERXN76NIO5PW27TNZEIL7AE,Internet Archive Wayback first-page snapshot of WordPress.org support view,https://web.archive.org/web/20220701061228id_/https://wordpress.org/support/view/support-forum-yes/,"Estimated total topics equals pagination pages times first-page topic count; this is a queue-size estimate, not a full topic export.",2026-06-14T23:34:35Z
2022-07-01,2022-Q3,2022-07-01,20220701185311,unresolved,unresolved,Unresolved topics,49,30,1470,44,53,8,0,3,30,2022-07-01T18:53:00Z,2022-07-01T10:42:00Z,https://wordpress.org/support/view/support-forum-no/,RTQRB2CLDRTKKZNDMXF6VROKX5IQHZ5P,Internet Archive Wayback first-page snapshot of WordPress.org support view,https://web.archive.org/web/20220701185311id_/https://wordpress.org/support/view/support-forum-no/,"Estimated total topics equals pagination pages times first-page topic count; this is a queue-size estimate, not a full topic export.",2026-06-14T23:34:35Z
2022-10-01,2022-Q4,2022-10-01,20221001073137,all_topics,all,Recent support topics,45,30,1350,42,54,6,4,5,30,2022-10-01T07:03:00Z,2022-09-30T12:08:00Z,https://wordpress.org/support/view/all-topics/,BX3INBRRWXPQFKLDD37ISJ2HCE6PHYMN,Internet Archive Wayback first-page snapshot of WordPress.org support view,https://web.archive.org/web/20221001073137id_/https://wordpress.org/support/view/all-topics/,"Estimated total topics equals pagination pages times first-page topic count; this is a queue-size estimate, not a full topic export.",2026-06-14T23:34:35Z
2022-10-01,2022-Q4,2022-10-01,20221001073143,no_replies,no_replies,Topics with no replies,1,17,17,0,16,17,0,4,17,2022-10-01T06:56:00Z,2022-10-01T05:39:00Z,https://wordpress.org/support/view/no-replies/,PVOCZ44262EOXN3AYFNWQWIDYIEBUPBH,Internet Archive Wayback first-page snapshot of WordPress.org support view,https://web.archive.org/web/20221001073143id_/https://wordpress.org/support/view/no-replies/,"Estimated total topics equals pagination pages times first-page topic count; this is a queue-size estimate, not a full topic export.",2026-06-14T23:34:35Z
2022-10-01,2022-Q4,2022-10-01,20221001162115,resolved,resolved,Resolved topics,49,30,1470,72,57,2,30,3,30,2022-10-01T15:54:00Z,2022-09-28T04:02:00Z,https://wordpress.org/support/view/support-forum-yes/,SQFFXM6DKOLDMSZY7HWDYZOH53GJUQMU,Internet Archive Wayback first-page snapshot of WordPress.org support view,https://web.archive.org/web/20221001162115id_/https://wordpress.org/support/view/support-forum-yes/,"Estimated total topics equals pagination pages times first-page topic count; this is a queue-size estimate, not a full topic export.",2026-06-14T23:34:35Z
2022-10-01,2022-Q4,2022-10-01,20221001073150,unresolved,unresolved,Unresolved topics,49,30,1470,41,56,6,0,5,30,2022-10-01T07:03:00Z,2022-09-30T11:35:00Z,https://wordpress.org/support/view/support-forum-no/,XCEL2OGQJCUQN76VDSOOLBHLRLPRCV5T,Internet Archive Wayback first-page snapshot of WordPress.org support view,https://web.archive.org/web/20221001073150id_/https://wordpress.org/support/view/support-forum-no/,"Estimated total topics equals pagination pages times first-page topic count; this is a queue-size estimate, not a full topic export.",2026-06-14T23:34:35Z
2023-01-01,2023-Q1,2023-01-02,20230102231546,all_topics,all,Recent support topics,44,30,1320,51,58,4,1,4,29,2023-01-02T23:01:00Z,2023-01-02T13:03:00Z,https://wordpress.org/support/view/all-topics/,BIH43RJECY6XXG6M3ANSEVO4USQXP5VZ,Internet Archive Wayback first-page snapshot of WordPress.org support view,https://web.archive.org/web/20230102231546id_/https://wordpress.org/support/view/all-topics/,"Estimated total topics equals pagination pages times first-page topic count; this is a queue-size estimate, not a full topic export.",2026-06-14T23:34:35Z
2023-01-01,2023-Q1,2023-01-02,20230102231538,no_replies,no_replies,Topics with no replies,1,9,9,0,9,9,0,3,9,,,https://wordpress.org/support/view/no-replies/,3X2HOHOKFQTO57CZJM5XMJH4SG6C4YDU,Internet Archive Wayback first-page snapshot of WordPress.org support view,https://web.archive.org/web/20230102231538id_/https://wordpress.org/support/view/no-replies/,"Estimated total topics equals pagination pages times first-page topic count; this is a queue-size estimate, not a full topic export.",2026-06-14T23:34:35Z
2023-01-01,2023-Q1,2023-01-02,20230102231602,resolved,resolved,Resolved topics,49,30,1470,100,64,1,30,5,29,2023-01-02T22:32:00Z,2022-12-28T09:04:00Z,https://wordpress.org/support/view/support-forum-yes/,NSZZS3C66MVGHLJRPGL5NBXTKSUE3M4V,Internet Archive Wayback first-page snapshot of WordPress.org support view,https://web.archive.org/web/20230102231602id_/https://wordpress.org/support/view/support-forum-yes/,"Estimated total topics equals pagination pages times first-page topic count; this is a queue-size estimate, not a full topic export.",2026-06-14T23:34:35Z
2023-01-01,2023-Q1,2023-01-02,20230102231631,unresolved,unresolved,Unresolved topics,49,30,1470,46,59,4,0,4,29,2023-01-02T23:01:00Z,2023-01-02T12:36:00Z,https://wordpress.org/support/view/support-forum-no/,AKHLTOMYYRZSJE4T6BQAIZWH72ECMA2U,Internet Archive Wayback first-page snapshot of WordPress.org support view,https://web.archive.org/web/20230102231631id_/https://wordpress.org/support/view/support-forum-no/,"Estimated total topics equals pagination pages times first-page topic count; this is a queue-size estimate, not a full topic export.",2026-06-14T23:34:35Z
2023-04-01,2023-Q2,2023-04-01,20230401160837,all_topics,all,Recent support topics,49,30,1470,28,50,11,2,3,29,2023-04-01T15:33:00Z,2023-04-01T02:55:00Z,https://wordpress.org/support/view/all-topics/,SJK5G5N44JOTFEE62YTIX3DL4I6ZX2B6,Internet Archive Wayback first-page snapshot of WordPress.org support view,https://web.archive.org/web/20230401160837id_/https://wordpress.org/support/view/all-topics/,"Estimated total topics equals pagination pages times first-page topic count; this is a queue-size estimate, not a full topic export.",2026-06-14T23:34:35Z
2023-04-01,2023-Q2,2023-04-01,20230401160843,no_replies,no_replies,Topics with no replies,1,29,29,0,29,29,0,6,27,,,https://wordpress.org/support/view/no-replies/,UPP23JR47TY4CSTQV3CW7BNL6EHCLGPW,Internet Archive Wayback first-page snapshot of WordPress.org support view,https://web.archive.org/web/20230401160843id_/https://wordpress.org/support/view/no-replies/,"Estimated total topics equals pagination pages times first-page topic count; this is a queue-size estimate, not a full topic export.",2026-06-14T23:34:35Z
2023-04-01,2023-Q2,2023-05-06,20230506090926,resolved,resolved,Resolved topics,49,30,1470,96,62,4,30,4,30,2023-05-06T08:22:00Z,2023-05-01T07:35:00Z,https://wordpress.org/support/view/support-forum-yes/,VFL4NGGXSMMHG3ZA3XH6BX5BFM7YMNDN,Internet Archive Wayback first-page snapshot of WordPress.org support view,https://web.archive.org/web/20230506090926id_/https://wordpress.org/support/view/support-forum-yes/,"Estimated total topics equals pagination pages times first-page topic count; this is a queue-size estimate, not a full topic export.",2026-06-14T23:34:35Z
2023-04-01,2023-Q2,2023-04-01,20230401160851,unresolved,unresolved,Unresolved topics,49,30,1470,26,50,11,0,4,29,2023-04-01T15:33:00Z,2023-04-01T02:55:00Z,https://wordpress.org/support/view/support-forum-no/,DKUYFR2Q27UDKZODOWLIVQHLHR7ISNS5,Internet Archive Wayback first-page snapshot of WordPress.org support view,https://web.archive.org/web/20230401160851id_/https://wordpress.org/support/view/support-forum-no/,"Estimated total topics equals pagination pages times first-page topic count; this is a queue-size estimate, not a full topic export.",2026-06-14T23:34:35Z
2023-07-01,2023-Q3,2023-07-03,20230703031522,all_topics,all,Recent support topics,40,30,1200,41,53,8,4,4,25,2023-07-03T03:11:00Z,2023-07-02T04:51:00Z,https://wordpress.org/support/view/all-topics/,P66JDPMJSCKMEG5DA5GDEIOFVIRGHI27,Internet Archive Wayback first-page snapshot of WordPress.org support view,https://web.archive.org/web/20230703031522id_/https://wordpress.org/support/view/all-topics/,"Estimated total topics equals pagination pages times first-page topic count; this is a queue-size estimate, not a full topic export.",2026-06-14T23:34:35Z
2023-07-01,2023-Q3,2023-07-03,20230703004112,no_replies,no_replies,Topics with no replies,1,16,16,0,16,16,0,6,16,,,https://wordpress.org/support/view/no-replies/,PD4YGD5CY2CAVD3IM6KN33FURQUDRGPE,Internet Archive Wayback first-page snapshot of WordPress.org support view,https://web.archive.org/web/20230703004112id_/https://wordpress.org/support/view/no-replies/,"Estimated total topics equals pagination pages times first-page topic count; this is a queue-size estimate, not a full topic export.",2026-06-14T23:34:35Z
2023-07-01,2023-Q3,2023-07-17,20230717065328,resolved,resolved,Resolved topics,49,30,1470,75,56,2,30,5,30,2023-07-17T06:45:00Z,2023-07-12T19:19:00Z,https://wordpress.org/support/view/support-forum-yes/,BACFPW3OSDUIOYGKYWXNNNEOLNAYFMLG,Internet Archive Wayback first-page snapshot of WordPress.org support view,https://web.archive.org/web/20230717065328id_/https://wordpress.org/support/view/support-forum-yes/,"Estimated total topics equals pagination pages times first-page topic count; this is a queue-size estimate, not a full topic export.",2026-06-14T23:34:35Z
2023-07-01,2023-Q3,2023-07-03,20230703082612,unresolved,unresolved,Unresolved topics,49,30,1470,29,48,13,0,5,30,2023-07-03T08:20:00Z,2023-07-02T13:56:00Z,https://wordpress.org/support/view/support-forum-no/,VJXZFHKYVY3WCSOQ66VNKGMXK3TAQG4J,Internet Archive Wayback first-page snapshot of WordPress.org support view,https://web.archive.org/web/20230703082612id_/https://wordpress.org/support/view/support-forum-no/,"Estimated total topics equals pagination pages times first-page topic count; this is a queue-size estimate, not a full topic export.",2026-06-14T23:34:35Z
2023-10-01,2023-Q4,2023-10-01,20231001053935,all_topics,all,Recent support topics,44,30,1320,67,63,1,3,5,30,2023-10-01T05:36:00Z,2023-09-29T20:57:00Z,https://wordpress.org/support/view/all-topics/,LABZNYGQIL5W56DJN6PSIMW2R7TMKIGR,Internet Archive Wayback first-page snapshot of WordPress.org support view,https://web.archive.org/web/20231001053935id_/https://wordpress.org/support/view/all-topics/,"Estimated total topics equals pagination pages times first-page topic count; this is a queue-size estimate, not a full topic export.",2026-06-14T23:34:35Z
2023-10-01,2023-Q4,2023-10-01,20231001053943,no_replies,no_replies,Topics with no replies,1,5,5,0,5,5,0,2,5,,,https://wordpress.org/support/view/no-replies/,2SOVW5UUCNUYOG6R4DYCAHEHRBEMLBH7,Internet Archive Wayback first-page snapshot of WordPress.org support view,https://web.archive.org/web/20231001053943id_/https://wordpress.org/support/view/no-replies/,"Estimated total topics equals pagination pages times first-page topic count; this is a queue-size estimate, not a full topic export.",2026-06-14T23:34:35Z
2023-10-01,2023-Q4,2023-10-01,20231001172504,resolved,resolved,Resolved topics,49,30,1470,91,58,2,30,4,28,2023-10-01T17:07:00Z,2023-09-26T08:39:00Z,https://wordpress.org/support/view/support-forum-yes/,WRAJLQGJVYYEAAPDQ6GTHYUBWYALUYSX,Internet Archive Wayback first-page snapshot of WordPress.org support view,https://web.archive.org/web/20231001172504id_/https://wordpress.org/support/view/support-forum-yes/,"Estimated total topics equals pagination pages times first-page topic count; this is a queue-size estimate, not a full topic export.",2026-06-14T23:34:35Z
2023-10-01,2023-Q4,2023-10-01,20231001053948,unresolved,unresolved,Unresolved topics,49,30,1470,72,63,1,0,5,30,2023-10-01T05:36:00Z,2023-09-29T19:43:00Z,https://wordpress.org/support/view/support-forum-no/,HBZHRKUFHIUP4EVR4UVMGLXXWXY4BM6A,Internet Archive Wayback first-page snapshot of WordPress.org support view,https://web.archive.org/web/20231001053948id_/https://wordpress.org/support/view/support-forum-no/,"Estimated total topics equals pagination pages times first-page topic count; this is a queue-size estimate, not a full topic export.",2026-06-14T23:34:35Z
2024-01-01,2024-Q1,2024-01-01,20240101074047,all_topics,all,Recent support topics,34,30,1020,58,63,3,6,7,27,2024-01-01T07:15:00Z,2023-12-30T20:36:00Z,https://wordpress.org/support/view/all-topics/,UQXUZBGHBIGJLY45EER2RMP3XNAPI3KO,Internet Archive Wayback first-page snapshot of WordPress.org support view,https://web.archive.org/web/20240101074047id_/https://wordpress.org/support/view/all-topics/,"Estimated total topics equals pagination pages times first-page topic count; this is a queue-size estimate, not a full topic export.",2026-06-14T23:34:35Z
2024-01-01,2024-Q1,2024-01-01,20240101074053,no_replies,no_replies,Topics with no replies,1,10,10,0,10,10,0,3,10,,,https://wordpress.org/support/view/no-replies/,2HRR5HIECC652CYO6L6HSXPP2HOYVHLH,Internet Archive Wayback first-page snapshot of WordPress.org support view,https://web.archive.org/web/20240101074053id_/https://wordpress.org/support/view/no-replies/,"Estimated total topics equals pagination pages times first-page topic count; this is a queue-size estimate, not a full topic export.",2026-06-14T23:34:35Z
2024-01-01,2024-Q1,2024-01-01,20240101074101,unresolved,unresolved,Unresolved topics,49,30,1470,58,65,3,0,7,28,2024-01-01T07:15:00Z,2023-12-30T18:02:00Z,https://wordpress.org/support/view/support-forum-no/,F3O5CU4IV765WY7CSLLONRBDONZ6XLC2,Internet Archive Wayback first-page snapshot of WordPress.org support view,https://web.archive.org/web/20240101074101id_/https://wordpress.org/support/view/support-forum-no/,"Estimated total topics equals pagination pages times first-page topic count; this is a queue-size estimate, not a full topic export.",2026-06-14T23:34:35Z
2024-04-01,2024-Q2,2024-04-01,20240401183317,all_topics,all,Recent support topics,36,30,1080,54,62,1,2,4,30,2024-04-01T18:13:00Z,2024-03-31T23:43:00Z,https://wordpress.org/support/view/all-topics/,O2FNXKE66JJ4AOKYNC5Z6JFSS3HDVUIO,Internet Archive Wayback first-page snapshot of WordPress.org support view,https://web.archive.org/web/20240401183317id_/https://wordpress.org/support/view/all-topics/,"Estimated total topics equals pagination pages times first-page topic count; this is a queue-size estimate, not a full topic export.",2026-06-14T23:34:35Z
2024-04-01,2024-Q2,2024-04-01,20240401183326,no_replies,no_replies,Topics with no replies,1,4,4,1,4,3,0,4,4,2024-03-27T04:00:00Z,2024-03-27T04:00:00Z,https://wordpress.org/support/view/no-replies/,2JJWJY2NL67VWEVYDJH5EO2GHJM5WSOA,Internet Archive Wayback first-page snapshot of WordPress.org support view,https://web.archive.org/web/20240401183326id_/https://wordpress.org/support/view/no-replies/,"Estimated total topics equals pagination pages times first-page topic count; this is a queue-size estimate, not a full topic export.",2026-06-14T23:34:35Z
2024-04-01,2024-Q2,2024-04-09,20240409015313,resolved,resolved,Resolved topics,49,30,1470,97,62,0,30,5,29,2024-04-09T01:10:00Z,2024-04-05T06:25:00Z,https://wordpress.org/support/view/support-forum-yes/,RCQPBOGCUTMKYESJUYXI4GFO4YXLBAK4,Internet Archive Wayback first-page snapshot of WordPress.org support view,https://web.archive.org/web/20240409015313id_/https://wordpress.org/support/view/support-forum-yes/,"Estimated total topics equals pagination pages times first-page topic count; this is a queue-size estimate, not a full topic export.",2026-06-14T23:34:35Z
2024-04-01,2024-Q2,2024-04-01,20240401183334,unresolved,unresolved,Unresolved topics,49,30,1470,50,62,1,0,4,29,2024-04-01T18:13:00Z,2024-03-31T19:18:00Z,https://wordpress.org/support/view/support-forum-no/,NGBE27DI6Q7FCGO7Y3MWE4VEF7SNVUVK,Internet Archive Wayback first-page snapshot of WordPress.org support view,https://web.archive.org/web/20240401183334id_/https://wordpress.org/support/view/support-forum-no/,"Estimated total topics equals pagination pages times first-page topic count; this is a queue-size estimate, not a full topic export.",2026-06-14T23:34:35Z
2024-07-01,2024-Q3,2024-07-01,20240701021018,all_topics,all,Recent support topics,34,30,1020,31,52,8,4,5,30,2024-07-01T00:53:00Z,2024-06-29T14:39:00Z,https://wordpress.org/support/view/all-topics/,LU6GZ4TA6J6KXOQGX6NCI64WFLJBAUQK,Internet Archive Wayback first-page snapshot of WordPress.org support view,https://web.archive.org/web/20240701021018id_/https://wordpress.org/support/view/all-topics/,"Estimated total topics equals pagination pages times first-page topic count; this is a queue-size estimate, not a full topic export.",2026-06-14T23:34:35Z
2024-07-01,2024-Q3,2024-07-01,20240701021025,no_replies,no_replies,Topics with no replies,1,11,11,0,11,11,0,6,11,,,https://wordpress.org/support/view/no-replies/,37BPXBZJRGDRKV7ZK6CPC7VUA7VGV4D6,Internet Archive Wayback first-page snapshot of WordPress.org support view,https://web.archive.org/web/20240701021025id_/https://wordpress.org/support/view/no-replies/,"Estimated total topics equals pagination pages times first-page topic count; this is a queue-size estimate, not a full topic export.",2026-06-14T23:34:35Z
2024-07-01,2024-Q3,2024-07-01,20240701193955,resolved,resolved,Resolved topics,49,30,1470,82,57,1,30,4,30,2024-07-01T19:13:00Z,2024-06-27T13:00:00Z,https://wordpress.org/support/view/support-forum-yes/,DFQYCVAUZDANXUXE2JQKFWU2SJLXTWLO,Internet Archive Wayback first-page snapshot of WordPress.org support view,https://web.archive.org/web/20240701193955id_/https://wordpress.org/support/view/support-forum-yes/,"Estimated total topics equals pagination pages times first-page topic count; this is a queue-size estimate, not a full topic export.",2026-06-14T23:34:35Z
2024-07-01,2024-Q3,2024-07-01,20240701021031,unresolved,unresolved,Unresolved topics,49,30,1470,30,52,9,0,6,30,2024-07-01T00:53:00Z,2024-06-29T00:22:00Z,https://wordpress.org/support/view/support-forum-no/,ADPTUBM4B4GNPUJJ6NM7KFRVWYGRJAJK,Internet Archive Wayback first-page snapshot of WordPress.org support view,https://web.archive.org/web/20240701021031id_/https://wordpress.org/support/view/support-forum-no/,"Estimated total topics equals pagination pages times first-page topic count; this is a queue-size estimate, not a full topic export.",2026-06-14T23:34:35Z
2024-10-01,2024-Q4,2024-10-02,20241002005455,all_topics,all,Recent support topics,28,30,840,42,64,4,4,8,29,2024-10-01T22:48:00Z,2024-10-01T07:27:00Z,https://wordpress.org/support/view/all-topics/,3IWNL67B3RWPFZEUWHCGB2Z5M5RQFC5Z,Internet Archive Wayback first-page snapshot of WordPress.org support view,https://web.archive.org/web/20241002005455id_/https://wordpress.org/support/view/all-topics/,"Estimated total topics equals pagination pages times first-page topic count; this is a queue-size estimate, not a full topic export.",2026-06-14T23:34:35Z
2024-10-01,2024-Q4,2024-10-02,20241002005501,no_replies,no_replies,Topics with no replies,1,11,11,5,11,9,0,3,10,2024-10-01T12:48:00Z,2024-09-30T04:57:00Z,https://wordpress.org/support/view/no-replies/,DT2NCNWUIVTQ2PCGUNLALU7VWYG7OALT,Internet Archive Wayback first-page snapshot of WordPress.org support view,https://web.archive.org/web/20241002005501id_/https://wordpress.org/support/view/no-replies/,"Estimated total topics equals pagination pages times first-page topic count; this is a queue-size estimate, not a full topic export.",2026-06-14T23:34:35Z
2024-10-01,2024-Q4,2024-10-01,20241001165820,resolved,resolved,Resolved topics,49,30,1470,113,66,0,30,5,29,2024-10-01T14:33:00Z,2024-09-26T14:07:00Z,https://wordpress.org/support/view/support-forum-yes/,L27I3RMFY3ZN66IU36LLC4AEDCKGV4YI,Internet Archive Wayback first-page snapshot of WordPress.org support view,https://web.archive.org/web/20241001165820id_/https://wordpress.org/support/view/support-forum-yes/,"Estimated total topics equals pagination pages times first-page topic count; this is a queue-size estimate, not a full topic export.",2026-06-14T23:34:35Z
2024-10-01,2024-Q4,2024-10-02,20241002005507,unresolved,unresolved,Unresolved topics,49,30,1470,39,57,5,0,8,29,2024-10-01T22:48:00Z,2024-10-01T04:50:00Z,https://wordpress.org/support/view/support-forum-no/,D5VMC4MF2EQFVVSIQPN5TYLDGHE6OQG5,Internet Archive Wayback first-page snapshot of WordPress.org support view,https://web.archive.org/web/20241002005507id_/https://wordpress.org/support/view/support-forum-no/,"Estimated total topics equals pagination pages times first-page topic count; this is a queue-size estimate, not a full topic export.",2026-06-14T23:34:35Z
2025-01-01,2025-Q1,2025-01-24,20250124213103,all_topics,all,Recent support topics,1,0,0,0,0,0,0,0,0,,,https://wordpress.org/support/view/all-topics/,HMVILP37BRSQKCGGZOWMM7N46K7ZOVQO,Internet Archive Wayback first-page snapshot of WordPress.org support view,https://web.archive.org/web/20250124213103id_/https://wordpress.org/support/view/all-topics/,"Estimated total topics equals pagination pages times first-page topic count; this is a queue-size estimate, not a full topic export.",2026-06-14T23:34:35Z
2025-01-01,2025-Q1,2025-01-06,20250106134859,no_replies,no_replies,Topics with no replies,1,0,0,0,0,0,0,0,0,,,https://wordpress.org/support/view/no-replies/,P4GDFJBPEIDEOF2BLM2JDDAYQW7LWNDQ,Internet Archive Wayback first-page snapshot of WordPress.org support view,https://web.archive.org/web/20250106134859id_/https://wordpress.org/support/view/no-replies/,"Estimated total topics equals pagination pages times first-page topic count; this is a queue-size estimate, not a full topic export.",2026-06-14T23:34:35Z
2025-01-01,2025-Q1,2025-01-24,20250124212434,resolved,resolved,Resolved topics,1,0,0,0,0,0,0,0,0,,,https://wordpress.org/support/view/support-forum-yes/,K3DC6D6FKEKI4FQ2SUHGEPVH5JXGLS52,Internet Archive Wayback first-page snapshot of WordPress.org support view,https://web.archive.org/web/20250124212434id_/https://wordpress.org/support/view/support-forum-yes/,"Estimated total topics equals pagination pages times first-page topic count; this is a queue-size estimate, not a full topic export.",2026-06-14T23:34:35Z
2025-01-01,2025-Q1,2025-01-17,20250117012444,unresolved,unresolved,Unresolved topics,49,30,1470,48,62,4,0,5,29,2025-01-17T01:16:00Z,2025-01-15T17:42:00Z,https://wordpress.org/support/view/support-forum-no/,HCYYCJROGOCGZ55EQ47LYEKB45UVGZ5I,Internet Archive Wayback first-page snapshot of WordPress.org support view,https://web.archive.org/web/20250117012444id_/https://wordpress.org/support/view/support-forum-no/,"Estimated total topics equals pagination pages times first-page topic count; this is a queue-size estimate, not a full topic export.",2026-06-14T23:34:35Z
2025-04-01,2025-Q2,2025-04-17,20250417084654,all_topics,all,Recent support topics,20,30,600,55,62,6,2,5,29,2025-04-17T07:55:00Z,2025-04-16T15:41:00Z,https://wordpress.org/support/view/all-topics/,ZZF2B4CL2YNPG2G3MNFSEFD6HLA7KQD5,Internet Archive Wayback first-page snapshot of WordPress.org support view,https://web.archive.org/web/20250417084654id_/https://wordpress.org/support/view/all-topics/,"Estimated total topics equals pagination pages times first-page topic count; this is a queue-size estimate, not a full topic export.",2026-06-14T23:34:35Z
2025-04-01,2025-Q2,2025-05-05,20250505092847,no_replies,no_replies,Topics with no replies,1,0,0,0,0,0,0,0,0,,,https://wordpress.org/support/view/no-replies/,42OLNLRLP5FBQ67GP2NW5SFVUKNFHBHH,Internet Archive Wayback first-page snapshot of WordPress.org support view,https://web.archive.org/web/20250505092847id_/https://wordpress.org/support/view/no-replies/,"Estimated total topics equals pagination pages times first-page topic count; this is a queue-size estimate, not a full topic export.",2026-06-14T23:34:35Z
2025-04-01,2025-Q2,2025-04-01,20250401011035,resolved,resolved,Resolved topics,1,0,0,0,0,0,0,0,0,,,https://wordpress.org/support/view/support-forum-yes/,E3MCBUAAXQHJ73C45DAGTC7F5QD2JE4Q,Internet Archive Wayback first-page snapshot of WordPress.org support view,https://web.archive.org/web/20250401011035id_/https://wordpress.org/support/view/support-forum-yes/,"Estimated total topics equals pagination pages times first-page topic count; this is a queue-size estimate, not a full topic export.",2026-06-14T23:34:35Z
2025-04-01,2025-Q2,2025-04-19,20250419143914,unresolved,unresolved,Unresolved topics,49,30,1470,54,67,2,0,6,30,2025-04-19T14:15:00Z,2025-04-18T09:57:00Z,https://wordpress.org/support/view/support-forum-no/,W3DBVV7PQRSLH35YORRYIEOBEBPWFPQP,Internet Archive Wayback first-page snapshot of WordPress.org support view,https://web.archive.org/web/20250419143914id_/https://wordpress.org/support/view/support-forum-no/,"Estimated total topics equals pagination pages times first-page topic count; this is a queue-size estimate, not a full topic export.",2026-06-14T23:34:35Z
2025-07-01,2025-Q3,2025-07-10,20250710213909,all_topics,all,Recent support topics,13,30,390,61,71,3,3,3,30,2025-07-10T21:12:00Z,2025-07-08T16:34:00Z,https://wordpress.org/support/view/all-topics/,SFVK4M75ARBRSANJONUGG4UAKARE6LL5,Internet Archive Wayback first-page snapshot of WordPress.org support view,https://web.archive.org/web/20250710213909id_/https://wordpress.org/support/view/all-topics/,"Estimated total topics equals pagination pages times first-page topic count; this is a queue-size estimate, not a full topic export.",2026-06-14T23:34:35Z
2025-07-01,2025-Q3,2025-07-02,20250702054202,no_replies,no_replies,Topics with no replies,1,0,0,0,0,0,0,0,0,,,https://wordpress.org/support/view/no-replies/,6NUDAUDH4MIMY73KQSTMY27VOAFKWJEU,Internet Archive Wayback first-page snapshot of WordPress.org support view,https://web.archive.org/web/20250702054202id_/https://wordpress.org/support/view/no-replies/,"Estimated total topics equals pagination pages times first-page topic count; this is a queue-size estimate, not a full topic export.",2026-06-14T23:34:35Z
2025-07-01,2025-Q3,2025-07-24,20250724163001,resolved,resolved,Resolved topics,1,0,0,0,0,0,0,0,0,,,https://wordpress.org/support/view/support-forum-yes/,H3WLF3VYBABPVBL6TNNZAHH7JPC2EZPL,Internet Archive Wayback first-page snapshot of WordPress.org support view,https://web.archive.org/web/20250724163001id_/https://wordpress.org/support/view/support-forum-yes/,"Estimated total topics equals pagination pages times first-page topic count; this is a queue-size estimate, not a full topic export.",2026-06-14T23:34:35Z
2025-07-01,2025-Q3,2025-07-24,20250724163004,unresolved,unresolved,Unresolved topics,1,0,0,0,0,0,0,0,0,,,https://wordpress.org/support/view/support-forum-no/,WYKJCNCC4VZOXN43WSVECVFKGOVVJAJK,Internet Archive Wayback first-page snapshot of WordPress.org support view,https://web.archive.org/web/20250724163004id_/https://wordpress.org/support/view/support-forum-no/,"Estimated total topics equals pagination pages times first-page topic count; this is a queue-size estimate, not a full topic export.",2026-06-14T23:34:35Z
2025-10-01,2025-Q4,2025-10-06,20251006113706,all_topics,all,Recent support topics,1,0,0,0,0,0,0,0,0,,,https://wordpress.org/support/view/all-topics/,FO76C22QC4AN773PKABCHZ3DE2S7V4OW,Internet Archive Wayback first-page snapshot of WordPress.org support view,https://web.archive.org/web/20251006113706id_/https://wordpress.org/support/view/all-topics/,"Estimated total topics equals pagination pages times first-page topic count; this is a queue-size estimate, not a full topic export.",2026-06-14T23:34:35Z
2025-10-01,2025-Q4,2025-10-06,20251006114005,no_replies,no_replies,Topics with no replies,1,0,0,0,0,0,0,0,0,,,https://wordpress.org/support/view/no-replies/,6IOK7NSZIOHEVESNDGN4CSESMYA6XUHA,Internet Archive Wayback first-page snapshot of WordPress.org support view,https://web.archive.org/web/20251006114005id_/https://wordpress.org/support/view/no-replies/,"Estimated total topics equals pagination pages times first-page topic count; this is a queue-size estimate, not a full topic export.",2026-06-14T23:34:35Z
2025-10-01,2025-Q4,2025-10-08,20251008143059,resolved,resolved,Resolved topics,22,30,660,98,68,0,30,3,29,2025-10-08T07:01:00Z,2025-09-29T18:01:00Z,https://wordpress.org/support/view/support-forum-yes/,HMD7TRXOAOQDM4ICAZWUJORMWDBH73Q6,Internet Archive Wayback first-page snapshot of WordPress.org support view,https://web.archive.org/web/20251008143059id_/https://wordpress.org/support/view/support-forum-yes/,"Estimated total topics equals pagination pages times first-page topic count; this is a queue-size estimate, not a full topic export.",2026-06-14T23:34:35Z
2025-10-01,2025-Q4,2025-10-06,20251006114958,unresolved,unresolved,Unresolved topics,1,0,0,0,0,0,0,0,0,,,https://wordpress.org/support/view/support-forum-no/,LGKZTXH6NGTSSMYNVRAVU7L4MDETIOKK,Internet Archive Wayback first-page snapshot of WordPress.org support view,https://web.archive.org/web/20251006114958id_/https://wordpress.org/support/view/support-forum-no/,"Estimated total topics equals pagination pages times first-page topic count; this is a queue-size estimate, not a full topic export.",2026-06-14T23:34:35Z
2026-01-01,2026-Q1,2026-01-03,20260103111440,all_topics,all,Recent support topics,10,30,300,97,76,0,4,1,30,2026-01-03T10:15:00Z,2025-12-29T16:37:00Z,https://wordpress.org/support/view/all-topics/,UIXCL6MAPC7HLBKCLFTTXKMQ3BVTMP3J,Internet Archive Wayback first-page snapshot of WordPress.org support view,https://web.archive.org/web/20260103111440id_/https://wordpress.org/support/view/all-topics/,"Estimated total topics equals pagination pages times first-page topic count; this is a queue-size estimate, not a full topic export.",2026-06-14T23:34:35Z
2026-01-01,2026-Q1,2026-01-03,20260103110908,no_replies,no_replies,Topics with no replies,1,0,0,0,0,0,0,0,0,,,https://wordpress.org/support/view/no-replies/,YREEYYWMJUMRKIRV4YDPDV4TV4U45AOF,Internet Archive Wayback first-page snapshot of WordPress.org support view,https://web.archive.org/web/20260103110908id_/https://wordpress.org/support/view/no-replies/,"Estimated total topics equals pagination pages times first-page topic count; this is a queue-size estimate, not a full topic export.",2026-06-14T23:34:35Z
2026-01-01,2026-Q1,2026-01-09,20260109054444,resolved,resolved,Resolved topics,1,0,0,0,0,0,0,0,0,,,https://wordpress.org/support/view/support-forum-yes/,CEZMAKWREJJAXYOP574LYSKPAGSY7MKW,Internet Archive Wayback first-page snapshot of WordPress.org support view,https://web.archive.org/web/20260109054444id_/https://wordpress.org/support/view/support-forum-yes/,"Estimated total topics equals pagination pages times first-page topic count; this is a queue-size estimate, not a full topic export.",2026-06-14T23:34:35Z
2026-01-01,2026-Q1,2026-01-03,20260103111003,unresolved,unresolved,Unresolved topics,42,30,1260,96,78,0,0,1,30,2026-01-03T10:15:00Z,2025-12-28T23:54:00Z,https://wordpress.org/support/view/support-forum-no/,6HWDBX7WGDGNGFD5UMBD7T5KCJKDIFWJ,Internet Archive Wayback first-page snapshot of WordPress.org support view,https://web.archive.org/web/20260103111003id_/https://wordpress.org/support/view/support-forum-no/,"Estimated total topics equals pagination pages times first-page topic count; this is a queue-size estimate, not a full topic export.",2026-06-14T23:34:35Z
2026-04-01,2026-Q2,2026-04-03,20260403123054,all_topics,all,Recent support topics,1,0,0,0,0,0,0,0,0,,,https://wordpress.org/support/view/all-topics/,KENATIFXDZZY2OGQ3QC2X4IIAQFF4424,Internet Archive Wayback first-page snapshot of WordPress.org support view,https://web.archive.org/web/20260403123054id_/https://wordpress.org/support/view/all-topics/,"Estimated total topics equals pagination pages times first-page topic count; this is a queue-size estimate, not a full topic export.",2026-06-14T23:34:35Z
2026-04-01,2026-Q2,2026-04-03,20260403123106,no_replies,no_replies,Topics with no replies,1,0,0,0,0,0,0,0,0,,,https://wordpress.org/support/view/no-replies/,OUOZUFEYSTQB5KVA5TWN5KVXCKGJDJFP,Internet Archive Wayback first-page snapshot of WordPress.org support view,https://web.archive.org/web/20260403123106id_/https://wordpress.org/support/view/no-replies/,"Estimated total topics equals pagination pages times first-page topic count; this is a queue-size estimate, not a full topic export.",2026-06-14T23:34:35Z
2026-04-01,2026-Q2,2026-04-06,20260406211142,resolved,resolved,Resolved topics,1,0,0,0,0,0,0,0,0,,,https://wordpress.org/support/view/support-forum-yes/,UN3WTPPSC7ACWKWG3BVTL3BJNOY7PESH,Internet Archive Wayback first-page snapshot of WordPress.org support view,https://web.archive.org/web/20260406211142id_/https://wordpress.org/support/view/support-forum-yes/,"Estimated total topics equals pagination pages times first-page topic count; this is a queue-size estimate, not a full topic export.",2026-06-14T23:34:35Z
2026-04-01,2026-Q2,2026-04-03,20260403123127,unresolved,unresolved,Unresolved topics,1,0,0,0,0,0,0,0,0,,,https://wordpress.org/support/view/support-forum-no/,VXZTXM3M7JTDFCKADMFPKP43NB7JDBVC,Internet Archive Wayback first-page snapshot of WordPress.org support view,https://web.archive.org/web/20260403123127id_/https://wordpress.org/support/view/support-forum-no/,"Estimated total topics equals pagination pages times first-page topic count; this is a queue-size estimate, not a full topic export.",2026-06-14T23:34:35Z
