case_id,variant,size,workload,concurrency,repetition,elapsed_s,flow_requests_per_second,successful_writes_per_second,attempted_writes_per_second,avg_ms,http_request_avg_ms,p50_ms,p75_ms,p95_ms,p99_ms,failed_flows,write_verification_failures,order_delta_matches_successes,browse_p95_ms,cart_p95_ms,admin_read_p95_ms,write_p95_ms,sqlite_wal_max_bytes,sqlite_checkpoint_after_recording,sqlite_busy_or_locked_errors,resource_sample_count,cpu_core_seconds_per_1k_flows,process_cpu_pct_max,total_rss_bytes_max,php_fpm_rss_bytes_max,database_rss_bytes_max,disk_mb_per_sample_max,loopback_bytes_per_s,resource_samples
rep1_mariadb-innodb-baseline_read-heavy_c4,mariadb-innodb-baseline,restaurant-small,read-heavy,4,1,20.069020,117.095903,0.000000,0.000000,34.06856312425545,21.00288197425121,23.246479000000875,36.05626025000053,75.11538505000107,112.14463259000121,0,0,True,73.76294179999832,,125.35600000000002,,,,0,10,30.063103,366.2,814579712,674562048,116195328,13.23,44839038.3,/Users/admin/wordpress-sqlite-benchmark-runner/artifacts/local-production-restaurant/runs/20260611T151033Z/raw/rep1_mariadb-innodb-baseline_read-heavy_c4-resource-samples.jsonl
rep1_sqlite-driver-3.0.0-rc.3_read-heavy_c4,sqlite-driver-3.0.0-rc.3,restaurant-small,read-heavy,4,1,20.087695,96.476971,0.000000,0.000000,41.323544737358176,26.05464772996732,30.202458000001542,38.46025000000175,94.29175360000032,103.3732361299964,0,0,True,94.61930800000003,,75.87383340000002,,37112,0|0|0,0,10,38.510767,381.9,903659520,763543552,116195328,10.14,36768524.944,/Users/admin/wordpress-sqlite-benchmark-runner/artifacts/local-production-restaurant/runs/20260611T151033Z/raw/rep1_sqlite-driver-3.0.0-rc.3_read-heavy_c4-resource-samples.jsonl
rep1_mariadb-innodb-baseline_read-heavy_c16,mariadb-innodb-baseline,restaurant-small,read-heavy,16,1,20.104153,108.783494,0.000000,0.000000,146.72728428532253,86.8104465420841,101.70133300000828,145.6293749999915,346.3392339999984,425.46639137999944,0,0,True,345.943062749992,,370.6007915000029,,,,0,10,32.729189,372.3,1128071168,983941120,118636544,6.96,42533676.513,/Users/admin/wordpress-sqlite-benchmark-runner/artifacts/local-production-restaurant/runs/20260611T151033Z/raw/rep1_mariadb-innodb-baseline_read-heavy_c16-resource-samples.jsonl
rep1_sqlite-driver-3.0.0-rc.3_read-heavy_c16,sqlite-driver-3.0.0-rc.3,restaurant-small,read-heavy,16,1,20.152045,91.504363,0.000000,0.000000,174.01286532212592,102.94492070410772,140.35402100000027,211.370468749994,384.2403955499961,466.2988380000119,0,0,True,380.79220419999024,,415.5310495999998,,61832,0|0|0,0,10,39.635522,376.8,1478721536,1334329344,118652928,7.7,36133503.78,/Users/admin/wordpress-sqlite-benchmark-runner/artifacts/local-production-restaurant/runs/20260611T151033Z/raw/rep1_sqlite-driver-3.0.0-rc.3_read-heavy_c16-resource-samples.jsonl
rep1_sqlite-driver-3.0.0-rc.3_read-heavy_c32,sqlite-driver-3.0.0-rc.3,restaurant-small,read-heavy,32,1,20.273015,92.388823,0.000000,0.000000,343.1152765483179,214.96950031883603,280.5269170000031,384.7797909999997,777.7129163999973,918.478328479996,0,0,True,781.8746078000174,,729.3206852000026,,82432,0|0|0,0,10,39.751026,378.1,2137047040,1992048640,118652928,2.18,35166152.8,/Users/admin/wordpress-sqlite-benchmark-runner/artifacts/local-production-restaurant/runs/20260611T151033Z/raw/rep1_sqlite-driver-3.0.0-rc.3_read-heavy_c32-resource-samples.jsonl
rep1_mariadb-innodb-baseline_read-heavy_c32,mariadb-innodb-baseline,restaurant-small,read-heavy,32,1,20.304963,98.744331,0.000000,0.000000,321.8587899112221,202.05909467835878,251.97583300001725,369.47837500002834,814.4183831999953,1004.1846436799824,0,0,True,813.3885629999895,,840.1703085499946,,,,0,10,34.973601,361.8,1742372864,1595555840,121356288,18.53,37963173.386,/Users/admin/wordpress-sqlite-benchmark-runner/artifacts/local-production-restaurant/runs/20260611T151033Z/raw/rep1_mariadb-innodb-baseline_read-heavy_c32-resource-samples.jsonl
rep1_sqlite-driver-3.0.0-rc.3_read-heavy_c64,sqlite-driver-3.0.0-rc.3,restaurant-small,read-heavy,64,1,20.798704,66.061808,0.000000,0.000000,948.4078851026198,578.0712323252005,743.0393335000076,998.3787814999943,2306.745041650012,2714.9180405000047,0,0,True,2339.69900795,,1901.0863125000128,,61832,0|0|0,0,9,56.142849,369.3,3428630528,3279093760,121389056,5.2,24848775.588,/Users/admin/wordpress-sqlite-benchmark-runner/artifacts/local-production-restaurant/runs/20260611T151033Z/raw/rep1_sqlite-driver-3.0.0-rc.3_read-heavy_c64-resource-samples.jsonl
rep1_mariadb-innodb-baseline_read-heavy_c64,mariadb-innodb-baseline,restaurant-small,read-heavy,64,1,20.544261,80.655130,0.000000,0.000000,783.9835040434532,474.56872038217017,608.7297920000196,843.8495830000079,1929.3709328000034,2218.63715644,0,0,True,1941.6153852499817,,1754.2530419999878,,,,0,10,41.809533,357.1,2941419520,2790850560,125353984,5.2,31040230.269,/Users/admin/wordpress-sqlite-benchmark-runner/artifacts/local-production-restaurant/runs/20260611T151033Z/raw/rep1_mariadb-innodb-baseline_read-heavy_c64-resource-samples.jsonl
rep1_sqlite-driver-3.0.0-rc.3_balanced_c4,sqlite-driver-3.0.0-rc.3,restaurant-small,balanced,4,1,20.429948,30.788135,6.314260,6.314260,128.56273350556447,79.09315427130122,91.21920799998406,160.46049999999923,323.4593839999889,551.8514432399693,0,0,True,428.5417417999838,,296.1546998999836,127.79581700001464,4140632,0|0|0,0,10,109.490646,371.8,928055296,778076160,125419520,2.59,12240081.812,/Users/admin/wordpress-sqlite-benchmark-runner/artifacts/local-production-restaurant/runs/20260611T151033Z/raw/rep1_sqlite-driver-3.0.0-rc.3_balanced_c4-resource-samples.jsonl
rep1_mariadb-innodb-baseline_balanced_c4,mariadb-innodb-baseline,restaurant-small,balanced,4,1,20.219305,24.531011,5.094141,5.094141,162.09360945161006,96.04028262799052,118.1705414999783,200.1697604999606,399.9703130000114,536.9153044499911,0,0,True,433.75904199999127,,394.8207750000364,205.81142849999313,,,0,10,109.323872,318.6,827064320,676036608,127025152,10.67,9699504.225,/Users/admin/wordpress-sqlite-benchmark-runner/artifacts/local-production-restaurant/runs/20260611T151033Z/raw/rep1_mariadb-innodb-baseline_balanced_c4-resource-samples.jsonl
rep1_sqlite-driver-3.0.0-rc.3_balanced_c16,sqlite-driver-3.0.0-rc.3,restaurant-small,balanced,16,1,20.229120,67.130947,13.940300,13.940300,236.7031699219442,147.26559901374895,170.30845850001697,330.22447874998306,653.2948919999856,1092.364652119986,0,0,True,719.951206150046,,747.8472329999958,117.63840594995825,4132392,0|0|0,0,10,48.017599,376.2,1395146752,1242398720,127041536,8.6,30423044.247,/Users/admin/wordpress-sqlite-benchmark-runner/artifacts/local-production-restaurant/runs/20260611T151033Z/raw/rep1_sqlite-driver-3.0.0-rc.3_balanced_c16-resource-samples.jsonl
rep1_mariadb-innodb-baseline_balanced_c16,mariadb-innodb-baseline,restaurant-small,balanced,16,1,20.153461,100.727116,20.641616,20.641616,158.2745324044338,100.68100386300928,86.0287289999917,204.02129149998416,574.7380831499611,698.1447075000261,0,0,True,214.43512499996586,,380.99260624997544,697.992562500005,,,0,10,31.099491,353.1,1156743168,1003634688,130449408,11.62,42516051.926,/Users/admin/wordpress-sqlite-benchmark-runner/artifacts/local-production-restaurant/runs/20260611T151033Z/raw/rep1_mariadb-innodb-baseline_balanced_c16-resource-samples.jsonl
rep1_sqlite-driver-3.0.0-rc.3_balanced_c32,sqlite-driver-3.0.0-rc.3,restaurant-small,balanced,32,1,20.428846,82.775112,16.789984,16.789984,381.9846009946773,229.09626357183433,303.9822920000006,524.5463545000177,986.5487500000256,1185.533758899976,0,0,True,1054.0637227000275,,929.6378540000347,145.34997020000446,4581472,0|0|0,0,10,41.722515,367.8,2158706688,2001141760,130613248,15.75,35420623.744,/Users/admin/wordpress-sqlite-benchmark-runner/artifacts/local-production-restaurant/runs/20260611T151033Z/raw/rep1_sqlite-driver-3.0.0-rc.3_balanced_c32-resource-samples.jsonl
rep1_mariadb-innodb-baseline_balanced_c32,mariadb-innodb-baseline,restaurant-small,balanced,32,1,20.345396,90.536454,18.185933,18.185933,350.448817155265,211.32686496823848,204.0513745000112,478.99679149999486,1224.1937735500046,1549.0432274999732,0,0,True,559.3434273999695,,845.6447159999899,1548.9702374999724,,,0,10,32.691548,345.3,1839448064,1681014784,132857856,13.66,38158648.412,/Users/admin/wordpress-sqlite-benchmark-runner/artifacts/local-production-restaurant/runs/20260611T151033Z/raw/rep1_mariadb-innodb-baseline_balanced_c32-resource-samples.jsonl
rep1_sqlite-driver-3.0.0-rc.3_balanced_c64,sqlite-driver-3.0.0-rc.3,restaurant-small,balanced,64,1,21.707698,34.918488,6.956058,6.956058,1763.6372008535598,1123.289006763866,1380.2748124999766,2116.507583249998,4921.063283899994,6142.17281230999,0,0,True,5345.082974899998,,4072.3417294999854,1089.4086664999634,4185952,0|0|0,0,8,89.438452,357.5,3466559488,3307077632,132907008,3.61,14267690.048,/Users/admin/wordpress-sqlite-benchmark-runner/artifacts/local-production-restaurant/runs/20260611T151033Z/raw/rep1_sqlite-driver-3.0.0-rc.3_balanced_c64-resource-samples.jsonl
rep1_mariadb-innodb-baseline_balanced_c64,mariadb-innodb-baseline,restaurant-small,balanced,64,1,21.501940,34.555021,6.418026,6.418026,1793.6900759677021,1157.7536955794956,1337.8104170000142,1909.0122709999946,4808.964929100011,5624.363019360058,0,0,True,5183.881725100008,,3240.559000000019,3649.4341919499966,,,0,10,74.860428,328.2,2923495424,2761211904,137920512,23.35,14747803.382,/Users/admin/wordpress-sqlite-benchmark-runner/artifacts/local-production-restaurant/runs/20260611T151033Z/raw/rep1_mariadb-innodb-baseline_balanced_c64-resource-samples.jsonl
rep1_mariadb-innodb-baseline_write-heavy_c4,mariadb-innodb-baseline,restaurant-small,write-heavy,4,1,20.104130,32.530630,10.097428,10.097428,122.6832803058112,89.23223766369675,96.67764600004602,158.6180729999569,273.9294316999861,383.83310751997135,0,0,True,284.97162854998805,,292.3184832000288,189.0017413999999,,,0,10,71.355293,294.6,847282176,683704320,139624448,27.46,15772295.92,/Users/admin/wordpress-sqlite-benchmark-runner/artifacts/local-production-restaurant/runs/20260611T151033Z/raw/rep1_mariadb-innodb-baseline_write-heavy_c4-resource-samples.jsonl
rep1_sqlite-driver-3.0.0-rc.3_write-heavy_c4,sqlite-driver-3.0.0-rc.3,restaurant-small,write-heavy,4,1,20.090655,26.380425,7.963902,7.963902,151.25138239999723,109.06527711716758,107.36133349996635,180.82010425001727,428.6213089999992,667.7096504300176,0,0,True,441.8194565999329,,504.8614057999885,132.80749614999695,4132392,0|0|0,0,10,114.731147,344.4,937656320,774029312,139640832,20.75,11992841.863,/Users/admin/wordpress-sqlite-benchmark-runner/artifacts/local-production-restaurant/runs/20260611T151033Z/raw/rep1_sqlite-driver-3.0.0-rc.3_write-heavy_c4-resource-samples.jsonl
rep1_sqlite-driver-3.0.0-rc.3_write-heavy_c16,sqlite-driver-3.0.0-rc.3,restaurant-small,write-heavy,16,1,20.277577,88.521424,25.792036,25.792036,179.3338288150421,127.54346027665306,143.2777500000384,244.7019790000695,523.6721874000523,616.2911799800122,0,0,True,536.3180335499976,,566.126423199961,73.63809219995115,4742152,0|0|0,0,10,38.648868,368.8,1535836160,1370292224,139608064,17.5,43778301.905,/Users/admin/wordpress-sqlite-benchmark-runner/artifacts/local-production-restaurant/runs/20260611T151033Z/raw/rep1_sqlite-driver-3.0.0-rc.3_write-heavy_c16-resource-samples.jsonl
rep1_mariadb-innodb-baseline_write-heavy_c16,mariadb-innodb-baseline,restaurant-small,write-heavy,16,1,20.203819,91.022395,26.529638,26.529638,174.9303282457852,124.30936664553526,91.56229200004873,260.6519380000236,561.3234332999351,673.1972219200038,0,0,True,151.5597932999469,,339.23918749995886,652.786885250066,,,0,10,26.634193,305.3,1183580160,1017741312,143114240,11.45,44383175.288,/Users/admin/wordpress-sqlite-benchmark-runner/artifacts/local-production-restaurant/runs/20260611T151033Z/raw/rep1_mariadb-innodb-baseline_write-heavy_c16-resource-samples.jsonl
rep1_sqlite-driver-3.0.0-rc.3_write-heavy_c32,sqlite-driver-3.0.0-rc.3,restaurant-small,write-heavy,32,1,20.323884,97.717542,30.309167,30.309167,324.13639549647706,234.72732499051844,273.5463125000024,423.7024272499923,939.2425419999881,1143.415329500073,0,0,True,1037.5096131000305,,934.0735835000373,149.7684372499748,6052312,0|0|0,0,10,37.072529,374.9,2321317888,2151137280,143310848,16.22,46713058.879,/Users/admin/wordpress-sqlite-benchmark-runner/artifacts/local-production-restaurant/runs/20260611T151033Z/raw/rep1_sqlite-driver-3.0.0-rc.3_write-heavy_c32-resource-samples.jsonl
rep1_mariadb-innodb-baseline_write-heavy_c32,mariadb-innodb-baseline,restaurant-small,write-heavy,32,1,20.283899,103.530391,32.242322,32.242322,307.5253553752388,221.12438741780838,155.54760399999168,433.72962500004064,1020.1985348000504,1239.888917409947,0,0,True,206.84782509998172,,528.0582374999254,1186.2824725999815,,,0,10,26.515487,334.4,1831043072,1660239872,146014208,4.45,49755587.346,/Users/admin/wordpress-sqlite-benchmark-runner/artifacts/local-production-restaurant/runs/20260611T151033Z/raw/rep1_mariadb-innodb-baseline_write-heavy_c32-resource-samples.jsonl
rep1_mariadb-innodb-baseline_write-heavy_c64,mariadb-innodb-baseline,restaurant-small,write-heavy,64,1,20.388999,113.541622,34.577470,34.577470,559.3661105365018,419.43848392776215,330.2006659999961,797.0162084999401,1835.553908300028,2220.9809102399627,0,0,True,823.2722248500359,,932.1124223999788,2147.893166400013,,,0,10,26.383225,348.6,3069870080,2889056256,154451968,7.15,54761679.46,/Users/admin/wordpress-sqlite-benchmark-runner/artifacts/local-production-restaurant/runs/20260611T151033Z/raw/rep1_mariadb-innodb-baseline_write-heavy_c64-resource-samples.jsonl
rep1_sqlite-driver-3.0.0-rc.3_write-heavy_c64,sqlite-driver-3.0.0-rc.3,restaurant-small,write-heavy,64,1,20.831176,95.721910,28.898992,28.898992,654.0601084679034,481.20979790295195,547.3406039999986,805.5454582500374,1904.1831688500622,2359.2078375000333,0,0,True,2102.742573499995,,1875.194395750043,416.33360834995875,26883032,0|0|0,0,10,39.017904,372.6,4003495936,3820290048,158089216,8.17,46823501.574,/Users/admin/wordpress-sqlite-benchmark-runner/artifacts/local-production-restaurant/runs/20260611T151033Z/raw/rep1_sqlite-driver-3.0.0-rc.3_write-heavy_c64-resource-samples.jsonl
rep2_mariadb-innodb-baseline_read-heavy_c4,mariadb-innodb-baseline,restaurant-small,read-heavy,4,2,20.020326,116.181926,0.000000,0.000000,34.3982148005162,21.23375020733708,23.124479500040707,37.3740420000388,75.77193750000788,110.99816649993954,0,0,True,74.47267059995966,,120.00111690006179,,,,0,10,29.445245,358.7,852115456,673792000,154550272,2.86,44394482.207,/Users/admin/wordpress-sqlite-benchmark-runner/artifacts/local-production-restaurant/runs/20260611T151033Z/raw/rep2_mariadb-innodb-baseline_read-heavy_c4-resource-samples.jsonl
rep2_sqlite-driver-3.0.0-rc.3_read-heavy_c4,sqlite-driver-3.0.0-rc.3,restaurant-small,read-heavy,4,2,20.042858,93.449746,0.000000,0.000000,42.75532594981337,26.901027795828256,31.39012500002991,40.74324999999135,95.80191679999643,112.61097851995146,0,0,True,95.98359199999322,,77.58052059996885,,45352,0|0|0,0,10,39.053628,380.6,934313984,755957760,154435584,1.83,35507288.387,/Users/admin/wordpress-sqlite-benchmark-runner/artifacts/local-production-restaurant/runs/20260611T151033Z/raw/rep2_sqlite-driver-3.0.0-rc.3_read-heavy_c4-resource-samples.jsonl
rep2_mariadb-innodb-baseline_read-heavy_c16,mariadb-innodb-baseline,restaurant-small,read-heavy,16,2,20.098370,111.899622,0.000000,0.000000,142.56297586883215,84.49558588558087,99.43112499991003,139.18100000000777,339.99367520004853,403.87208016007656,0,0,True,339.98761680004463,,337.38428074997273,,,,0,10,32.716833,366.7,1155104768,977453056,154517504,2.43,43874985.342,/Users/admin/wordpress-sqlite-benchmark-runner/artifacts/local-production-restaurant/runs/20260611T151033Z/raw/rep2_mariadb-innodb-baseline_read-heavy_c16-resource-samples.jsonl
rep2_sqlite-driver-3.0.0-rc.3_read-heavy_c16,sqlite-driver-3.0.0-rc.3,restaurant-small,read-heavy,16,2,20.193789,89.433440,0.000000,0.000000,178.03225185160616,105.3845213373781,143.1208749999655,217.8639685000121,401.8838334999657,472.97470594992325,0,0,True,394.5251892499358,,451.88031885003284,,65952,0|0|0,0,10,40.147441,378.4,1467547648,1287454720,154517504,8.44,35397574.837,/Users/admin/wordpress-sqlite-benchmark-runner/artifacts/local-production-restaurant/runs/20260611T151033Z/raw/rep2_sqlite-driver-3.0.0-rc.3_read-heavy_c16-resource-samples.jsonl
rep2_mariadb-innodb-baseline_read-heavy_c32,mariadb-innodb-baseline,restaurant-small,read-heavy,32,2,20.196587,113.484521,0.000000,0.000000,280.5135344463365,174.8659723182795,200.22535449999168,283.8663957500387,696.0784599000133,854.154166280086,0,0,True,687.6814057500269,,822.9159789999869,,,,0,10,30.688193,366.1,1770864640,1591492608,154943488,3.3,42825884.529,/Users/admin/wordpress-sqlite-benchmark-runner/artifacts/local-production-restaurant/runs/20260611T151033Z/raw/rep2_mariadb-innodb-baseline_read-heavy_c32-resource-samples.jsonl
rep2_sqlite-driver-3.0.0-rc.3_read-heavy_c32,sqlite-driver-3.0.0-rc.3,restaurant-small,read-heavy,32,2,20.325146,91.905857,0.000000,0.000000,344.49519309261336,215.90950609060363,280.44466649998867,385.480166749943,790.0386398000024,939.7076849700139,0,0,True,792.5029693500164,,767.7459459499972,,78312,0|0|0,0,10,39.093879,374.8,2134704128,1953398784,154877952,11.64,34947990.03,/Users/admin/wordpress-sqlite-benchmark-runner/artifacts/local-production-restaurant/runs/20260611T151033Z/raw/rep2_sqlite-driver-3.0.0-rc.3_read-heavy_c32-resource-samples.jsonl
rep2_mariadb-innodb-baseline_read-heavy_c64,mariadb-innodb-baseline,restaurant-small,read-heavy,64,2,20.475271,110.718926,0.000000,0.000000,571.0194103418589,349.166783299433,437.52008299998124,616.2177084999598,1398.8458126999828,1624.958167000014,0,0,True,1394.249579799964,,1476.0816125499957,,,,0,10,31.087942,361.7,3019112448,2838528000,155009024,12.71,44043554.476,/Users/admin/wordpress-sqlite-benchmark-runner/artifacts/local-production-restaurant/runs/20260611T151033Z/raw/rep2_mariadb-innodb-baseline_read-heavy_c64-resource-samples.jsonl
rep2_sqlite-driver-3.0.0-rc.3_read-heavy_c64,sqlite-driver-3.0.0-rc.3,restaurant-small,read-heavy,64,2,20.516322,91.293168,0.000000,0.000000,693.6522000427123,422.1987296698071,544.7821669999939,757.290624999996,1615.6452747999767,1852.9512237599693,0,0,True,1624.3350101000033,,1505.8684996000468,,82432,0|0|0,0,10,42.131875,377.6,3520724992,3337633792,155009024,12.38,35489191.038,/Users/admin/wordpress-sqlite-benchmark-runner/artifacts/local-production-restaurant/runs/20260611T151033Z/raw/rep2_sqlite-driver-3.0.0-rc.3_read-heavy_c64-resource-samples.jsonl
rep2_mariadb-innodb-baseline_balanced_c4,mariadb-innodb-baseline,restaurant-small,balanced,4,2,20.034019,69.381986,13.876397,13.876397,57.58352088345713,36.2417199029872,40.67114549991402,78.04430149991504,146.98328940012289,194.06045688984014,0,0,True,82.91955770002915,,146.33685465001918,178.7842607499783,,,0,10,31.001799,264.6,857571328,677822464,155074560,11.79,30056970.559,/Users/admin/wordpress-sqlite-benchmark-runner/artifacts/local-production-restaurant/runs/20260611T151033Z/raw/rep2_mariadb-innodb-baseline_balanced_c4-resource-samples.jsonl
rep2_sqlite-driver-3.0.0-rc.3_balanced_c4,sqlite-driver-3.0.0-rc.3,restaurant-small,balanced,4,2,20.103234,96.402400,19.698323,19.698323,41.36882178740843,26.8118193938386,30.695312500029104,44.604843749880274,100.10614109995686,121.77449657997163,0,0,True,102.97892254990303,,83.06955175004305,22.96515599994109,4169472,0|0|0,0,10,38.2641,383.5,981155840,802160640,155074560,12.72,42492388.922,/Users/admin/wordpress-sqlite-benchmark-runner/artifacts/local-production-restaurant/runs/20260611T151033Z/raw/rep2_sqlite-driver-3.0.0-rc.3_balanced_c4-resource-samples.jsonl
rep2_sqlite-driver-3.0.0-rc.3_balanced_c16,sqlite-driver-3.0.0-rc.3,restaurant-small,balanced,16,2,20.227140,94.872531,19.231587,19.231587,167.73727672381767,106.7247042739637,134.42800000007082,228.672749999987,436.2322877999077,524.6393206198486,0,0,True,447.0559914000205,,464.0317750000576,66.76943299989944,4235392,0|0|0,0,10,38.550553,378.3,1537015808,1356087296,155074560,8.48,39290669.699,/Users/admin/wordpress-sqlite-benchmark-runner/artifacts/local-production-restaurant/runs/20260611T151033Z/raw/rep2_sqlite-driver-3.0.0-rc.3_balanced_c16-resource-samples.jsonl
rep2_mariadb-innodb-baseline_balanced_c16,mariadb-innodb-baseline,restaurant-small,balanced,16,2,20.123489,102.169160,20.722052,20.722052,156.0695306994145,99.11930900000087,82.46437499997228,202.31664549999095,563.9802184998643,708.431556099879,0,0,True,202.94947949992093,,406.08717739995654,707.9981915998815,,,0,10,31.188775,355.0,1177862144,999178240,155303936,4.48,43523497.415,/Users/admin/wordpress-sqlite-benchmark-runner/artifacts/local-production-restaurant/runs/20260611T151033Z/raw/rep2_mariadb-innodb-baseline_balanced_c16-resource-samples.jsonl
rep2_sqlite-driver-3.0.0-rc.3_balanced_c32,sqlite-driver-3.0.0-rc.3,restaurant-small,balanced,32,2,20.368518,89.648154,17.870716,17.870716,352.62054023877045,211.62647954043345,289.0710000000354,473.30846849996533,903.0819372499082,1068.964176999998,0,0,True,958.8311687499867,,848.488856100073,126.13722495004822,4911072,0|0|0,0,10,40.903865,378.0,2230796288,2048360448,155320320,4.53,38921842.959,/Users/admin/wordpress-sqlite-benchmark-runner/artifacts/local-production-restaurant/runs/20260611T151033Z/raw/rep2_sqlite-driver-3.0.0-rc.3_balanced_c32-resource-samples.jsonl
rep2_mariadb-innodb-baseline_balanced_c32,mariadb-innodb-baseline,restaurant-small,balanced,32,2,20.222872,106.166917,21.411400,21.411400,299.8661221117847,181.0631203291115,152.0112919999974,356.03914600005737,1163.6912874001155,1510.7364871800926,0,0,True,357.25105175008633,,729.5851770000468,1509.7819088000958,,,0,10,29.020526,359.4,1795080192,1615118336,155402240,5.8,45956275.543,/Users/admin/wordpress-sqlite-benchmark-runner/artifacts/local-production-restaurant/runs/20260611T151033Z/raw/rep2_mariadb-innodb-baseline_balanced_c32-resource-samples.jsonl
rep2_sqlite-driver-3.0.0-rc.3_balanced_c64,sqlite-driver-3.0.0-rc.3,restaurant-small,balanced,64,2,20.559946,91.974948,19.503942,19.503942,685.0554651924912,434.2357562725426,553.1598329998815,842.1433959999831,1850.4099164998706,2174.088817000118,0,0,True,1956.417145749981,,1730.6615125999883,372.0429170000443,5508472,0|0|0,0,10,39.627031,374.5,3712204800,3528835072,155402240,14.6,39279171.47,/Users/admin/wordpress-sqlite-benchmark-runner/artifacts/local-production-restaurant/runs/20260611T151033Z/raw/rep2_sqlite-driver-3.0.0-rc.3_balanced_c64-resource-samples.jsonl
rep2_mariadb-innodb-baseline_balanced_c64,mariadb-innodb-baseline,restaurant-small,balanced,64,2,20.418494,108.039310,23.018348,23.018348,586.4108593635551,367.25853005252645,342.74983349996546,757.3013119999814,2062.5765829999523,2733.8753065499286,0,0,True,835.1837915001852,,1288.239916449993,2718.007264549965,,,0,10,29.062681,357.4,3032367104,2851094528,157335552,13.82,44569749.882,/Users/admin/wordpress-sqlite-benchmark-runner/artifacts/local-production-restaurant/runs/20260611T151033Z/raw/rep2_mariadb-innodb-baseline_balanced_c64-resource-samples.jsonl
rep2_mariadb-innodb-baseline_write-heavy_c4,mariadb-innodb-baseline,restaurant-small,write-heavy,4,2,20.097891,65.180968,19.056726,19.056726,61.26102118015099,43.52201695113941,44.63447900002393,80.44710400002941,145.51492745003998,176.72971128003167,0,0,True,82.49858299996049,,128.01522875003002,165.5817377999028,,,0,10,28.023478,237.8,867483648,686899200,157483008,4.05,29993658.902,/Users/admin/wordpress-sqlite-benchmark-runner/artifacts/local-production-restaurant/runs/20260611T151033Z/raw/rep2_mariadb-innodb-baseline_write-heavy_c4-resource-samples.jsonl
rep2_sqlite-driver-3.0.0-rc.3_write-heavy_c4,sqlite-driver-3.0.0-rc.3,restaurant-small,write-heavy,4,2,20.096736,96.433569,28.810648,28.810648,41.3303301166165,29.12868142607374,33.16720800000894,42.91240600002766,106.21534640006303,131.16980820998612,0,0,True,113.00594970005022,,92.98586425001076,25.171595199890376,4288952,0|0|0,0,10,38.29476,377.3,1002684416,821100544,157483008,13.96,46157451.322,/Users/admin/wordpress-sqlite-benchmark-runner/artifacts/local-production-restaurant/runs/20260611T151033Z/raw/rep2_sqlite-driver-3.0.0-rc.3_write-heavy_c4-resource-samples.jsonl
rep2_sqlite-driver-3.0.0-rc.3_write-heavy_c16,sqlite-driver-3.0.0-rc.3,restaurant-small,write-heavy,16,2,20.352928,95.711043,27.956665,27.956665,165.305109092918,118.69735367146112,131.48233399999754,215.02569774986569,485.55748970013633,570.9585847599783,0,0,True,502.7820627500432,,515.512296100178,55.84079980008029,5265392,0|0|0,0,10,37.847266,376.7,1513439232,1330069504,157417472,7.56,47285866.584,/Users/admin/wordpress-sqlite-benchmark-runner/artifacts/local-production-restaurant/runs/20260611T151033Z/raw/rep2_sqlite-driver-3.0.0-rc.3_write-heavy_c16-resource-samples.jsonl
rep2_mariadb-innodb-baseline_write-heavy_c16,mariadb-innodb-baseline,restaurant-small,write-heavy,16,2,20.114728,94.010718,27.641438,27.641438,169.70466434955296,120.10483309022825,91.89900000001217,236.71041700004025,559.9289994999026,665.8748128000525,0,0,True,140.46411905005698,,287.40120000004475,647.2131250001212,,,0,10,26.489866,308.6,1186381824,1004486656,157548544,14.54,45716655.959,/Users/admin/wordpress-sqlite-benchmark-runner/artifacts/local-production-restaurant/runs/20260611T151033Z/raw/rep2_mariadb-innodb-baseline_write-heavy_c16-resource-samples.jsonl
rep2_mariadb-innodb-baseline_write-heavy_c32,mariadb-innodb-baseline,restaurant-small,write-heavy,32,2,20.255279,106.145168,32.633468,32.633468,299.6177265827898,217.1482406507094,148.9430624999386,402.6358744998788,1091.0112402500997,1309.3491957500692,0,0,True,234.6064999998816,,406.5150811499507,1272.495082999967,,,0,10,25.297312,311.0,1827373056,1644838912,157646848,12.11,51277303.002,/Users/admin/wordpress-sqlite-benchmark-runner/artifacts/local-production-restaurant/runs/20260611T151033Z/raw/rep2_mariadb-innodb-baseline_write-heavy_c32-resource-samples.jsonl
rep2_sqlite-driver-3.0.0-rc.3_write-heavy_c32,sqlite-driver-3.0.0-rc.3,restaurant-small,write-heavy,32,2,20.357825,99.175626,30.651605,30.651605,319.6284053348216,233.18356748536354,270.03179200005434,408.69785400002456,915.1881457999707,1091.1047045001214,0,0,True,992.174041600083,,935.0671142499323,162.92111694992863,5932832,0|0|0,0,10,36.842056,381.9,2299740160,2114895872,157646848,14.84,47681427.324,/Users/admin/wordpress-sqlite-benchmark-runner/artifacts/local-production-restaurant/runs/20260611T151033Z/raw/rep2_sqlite-driver-3.0.0-rc.3_write-heavy_c32-resource-samples.jsonl
rep2_mariadb-innodb-baseline_write-heavy_c64,mariadb-innodb-baseline,restaurant-small,write-heavy,64,2,20.318062,111.821688,33.959932,33.959932,568.1950456056292,427.418304285431,306.2163125000552,779.888511000081,2009.6492748499486,2447.0368179299453,0,0,True,526.6456751999613,,1069.1950993998946,2342.3702296500437,,,0,10,26.555155,347.7,3076030464,2891448320,158089216,13.07,54389509.686,/Users/admin/wordpress-sqlite-benchmark-runner/artifacts/local-production-restaurant/runs/20260611T151033Z/raw/rep2_mariadb-innodb-baseline_write-heavy_c64-resource-samples.jsonl
rep2_sqlite-driver-3.0.0-rc.3_write-heavy_c64,sqlite-driver-3.0.0-rc.3,restaurant-small,write-heavy,64,2,20.865189,94.175999,28.756030,28.756030,663.4045610875297,488.37729847808237,546.4862090000224,839.4407920000049,1950.3243831999953,2267.238088240028,0,0,True,2091.1593579999817,,1926.971681250029,451.6635021000409,11507192,0|0|0,0,10,39.232881,375.9,3916087296,3731390464,158089216,11.6,45246338.288,/Users/admin/wordpress-sqlite-benchmark-runner/artifacts/local-production-restaurant/runs/20260611T151033Z/raw/rep2_sqlite-driver-3.0.0-rc.3_write-heavy_c64-resource-samples.jsonl
rep3_sqlite-driver-3.0.0-rc.3_read-heavy_c4,sqlite-driver-3.0.0-rc.3,restaurant-small,read-heavy,4,3,20.086732,91.752110,0.000000,0.000000,43.46278186652595,27.294996136473095,31.771707999951104,42.21208349997596,95.22817850008778,131.0323017199243,0,0,True,96.12232494993121,,77.17998720015657,,49472,0|0|0,0,10,41.172436,382.7,936706048,756482048,156336128,10.54,35631861.07,/Users/admin/wordpress-sqlite-benchmark-runner/artifacts/local-production-restaurant/runs/20260611T151033Z/raw/rep3_sqlite-driver-3.0.0-rc.3_read-heavy_c4-resource-samples.jsonl
rep3_mariadb-innodb-baseline_read-heavy_c4,mariadb-innodb-baseline,restaurant-small,read-heavy,4,3,20.043483,113.303658,0.000000,0.000000,35.251403071336874,21.79777112080676,23.423542000045927,37.43358350004655,77.03047899997273,127.11324109995988,0,0,True,74.77597500003412,,131.4473124999722,,,,0,10,29.963895,358.8,851247104,670908416,156319744,3.77,43060788.92,/Users/admin/wordpress-sqlite-benchmark-runner/artifacts/local-production-restaurant/runs/20260611T151033Z/raw/rep3_mariadb-innodb-baseline_read-heavy_c4-resource-samples.jsonl
rep3_sqlite-driver-3.0.0-rc.3_read-heavy_c16,sqlite-driver-3.0.0-rc.3,restaurant-small,read-heavy,16,3,20.186258,88.525571,0.000000,0.000000,179.65934020257194,106.73353274792312,143.497041000046,219.30047950002063,405.13985879999836,515.8254825000909,0,0,True,403.0319483499397,,429.3942252000761,,70072,0|0|0,0,10,41.326421,380.5,1390067712,1208205312,156319744,1.96,34944957.326,/Users/admin/wordpress-sqlite-benchmark-runner/artifacts/local-production-restaurant/runs/20260611T151033Z/raw/rep3_sqlite-driver-3.0.0-rc.3_read-heavy_c16-resource-samples.jsonl
rep3_mariadb-innodb-baseline_read-heavy_c16,mariadb-innodb-baseline,restaurant-small,read-heavy,16,3,20.165066,99.231015,0.000000,0.000000,160.50175909995122,94.61814725523158,103.93233299987514,156.52712500013877,370.9768339999755,813.1961249998767,0,0,True,365.85565889990903,,397.0252080999897,,,,0,10,31.193229,367.4,1168293888,987824128,156401664,29.55,38119722.392,/Users/admin/wordpress-sqlite-benchmark-runner/artifacts/local-production-restaurant/runs/20260611T151033Z/raw/rep3_mariadb-innodb-baseline_read-heavy_c16-resource-samples.jsonl
rep3_sqlite-driver-3.0.0-rc.3_read-heavy_c32,sqlite-driver-3.0.0-rc.3,restaurant-small,read-heavy,32,3,20.303499,93.382920,0.000000,0.000000,339.64158799472705,210.96196284403237,273.2589165000263,378.65444800002024,772.2715002500422,926.8922895500281,0,0,True,774.1906754001318,,739.0393499000535,,70072,0|0|0,0,10,39.330131,379.3,2132541440,1949417472,156401664,1.67,35823934.452,/Users/admin/wordpress-sqlite-benchmark-runner/artifacts/local-production-restaurant/runs/20260611T151033Z/raw/rep3_sqlite-driver-3.0.0-rc.3_read-heavy_c32-resource-samples.jsonl
rep3_mariadb-innodb-baseline_read-heavy_c32,mariadb-innodb-baseline,restaurant-small,read-heavy,32,3,20.224128,115.901165,0.000000,0.000000,274.52755341168904,170.7439609469228,197.19393749994651,276.08055225005046,667.2458543998914,818.2226145000193,0,0,True,670.7509795001671,,642.5436670001545,,,,0,10,30.565962,367.9,1772175360,1590329344,156450816,3.52,44364448.19,/Users/admin/wordpress-sqlite-benchmark-runner/artifacts/local-production-restaurant/runs/20260611T151033Z/raw/rep3_mariadb-innodb-baseline_read-heavy_c32-resource-samples.jsonl
rep3_mariadb-innodb-baseline_read-heavy_c64,mariadb-innodb-baseline,restaurant-small,read-heavy,64,3,20.378176,112.129761,0.000000,0.000000,565.3350834231958,347.1276788513838,426.49087500012683,616.0420839999006,1362.141824799983,1581.319072879977,0,0,True,1358.5268329998144,,1485.2878561999773,,,,0,10,31.137697,362.7,3012001792,2830385152,156532736,8.45,44233961.14,/Users/admin/wordpress-sqlite-benchmark-runner/artifacts/local-production-restaurant/runs/20260611T151033Z/raw/rep3_mariadb-innodb-baseline_read-heavy_c64-resource-samples.jsonl
rep3_sqlite-driver-3.0.0-rc.3_read-heavy_c64,sqlite-driver-3.0.0-rc.3,restaurant-small,read-heavy,64,3,20.502738,91.597522,0.000000,0.000000,689.1925228349264,417.60769626823657,549.3402920000108,759.2945002500642,1548.9172848499834,1876.0868295899559,0,0,True,1560.9852228000477,,1413.070509900149,,78312,0|0|0,0,10,42.452847,376.8,3573235712,3388702720,156532736,1.72,34928798.357,/Users/admin/wordpress-sqlite-benchmark-runner/artifacts/local-production-restaurant/runs/20260611T151033Z/raw/rep3_sqlite-driver-3.0.0-rc.3_read-heavy_c64-resource-samples.jsonl
rep3_sqlite-driver-3.0.0-rc.3_balanced_c4,sqlite-driver-3.0.0-rc.3,restaurant-small,balanced,4,3,20.074244,96.392172,19.726770,19.726770,41.402361623256205,26.81848494937949,30.29241700005514,44.85650000003716,100.28161260006527,112.78339356005753,0,0,True,102.17360404991494,,83.3521166000537,23.493978750025235,4173592,0|0|0,0,10,37.406279,383.6,979238912,798539776,156499968,6.75,42401805.226,/Users/admin/wordpress-sqlite-benchmark-runner/artifacts/local-production-restaurant/runs/20260611T151033Z/raw/rep3_sqlite-driver-3.0.0-rc.3_balanced_c4-resource-samples.jsonl
rep3_mariadb-innodb-baseline_balanced_c4,mariadb-innodb-baseline,restaurant-small,balanced,4,3,20.049579,74.964167,15.212289,15.212289,53.28007970126338,33.84928284680543,38.420207999934064,74.93543750001663,135.08166279989385,169.96685883994363,0,0,True,77.84720859999652,,122.50083340013583,167.53176639986123,,,0,10,28.624685,263.4,856588288,676888576,156614656,11.4,32191332.667,/Users/admin/wordpress-sqlite-benchmark-runner/artifacts/local-production-restaurant/runs/20260611T151033Z/raw/rep3_mariadb-innodb-baseline_balanced_c4-resource-samples.jsonl
rep3_mariadb-innodb-baseline_balanced_c16,mariadb-innodb-baseline,restaurant-small,balanced,16,3,20.209925,102.424924,20.633427,20.633427,155.5281994115919,98.89731218561612,80.47760449994712,202.47743725002465,578.282946350066,708.5363965401392,0,0,True,193.67149374991163,,392.06139980001353,708.1935998001427,,,0,10,28.242378,334.5,1177354240,996589568,156729344,13.66,43255229.114,/Users/admin/wordpress-sqlite-benchmark-runner/artifacts/local-production-restaurant/runs/20260611T151033Z/raw/rep3_mariadb-innodb-baseline_balanced_c16-resource-samples.jsonl
rep3_sqlite-driver-3.0.0-rc.3_balanced_c16,sqlite-driver-3.0.0-rc.3,restaurant-small,balanced,16,3,20.187993,95.205106,19.268879,19.268879,167.0715203496401,105.79962120467789,134.57472950005922,230.3848544999596,441.5961410501837,516.5730298900096,0,0,True,449.35341659993355,,484.7415937499022,47.819575200037455,4276592,0|0|0,0,10,38.116155,379.9,1497776128,1315225600,156745728,16.58,39328622.77,/Users/admin/wordpress-sqlite-benchmark-runner/artifacts/local-production-restaurant/runs/20260611T151033Z/raw/rep3_sqlite-driver-3.0.0-rc.3_balanced_c16-resource-samples.jsonl
rep3_sqlite-driver-3.0.0-rc.3_balanced_c32,sqlite-driver-3.0.0-rc.3,restaurant-small,balanced,32,3,20.373341,90.117769,18.111905,18.111905,351.0885786617603,211.16781301605377,282.85639599994283,486.57240624999076,895.9953019999034,1023.2029188499156,0,0,True,928.767766649878,,890.7112165999933,139.84103300003886,4494952,0|0|0,0,10,40.293103,378.0,2260811776,2076835840,156745728,12.45,39163446.338,/Users/admin/wordpress-sqlite-benchmark-runner/artifacts/local-production-restaurant/runs/20260611T151033Z/raw/rep3_sqlite-driver-3.0.0-rc.3_balanced_c32-resource-samples.jsonl
rep3_mariadb-innodb-baseline_balanced_c32,mariadb-innodb-baseline,restaurant-small,balanced,32,3,20.364650,107.048242,21.753381,21.753381,296.7301210788964,180.65369124245709,136.9903959999874,351.6587500000128,1223.1046753500336,1545.5782450000108,0,0,True,311.67190800001663,,653.202159,1542.8960458000572,,,0,10,28.208972,355.0,1808203776,1626865664,156745728,12.63,47096372.227,/Users/admin/wordpress-sqlite-benchmark-runner/artifacts/local-production-restaurant/runs/20260611T151033Z/raw/rep3_mariadb-innodb-baseline_balanced_c32-resource-samples.jsonl
rep3_sqlite-driver-3.0.0-rc.3_balanced_c64,sqlite-driver-3.0.0-rc.3,restaurant-small,balanced,64,3,20.665004,92.959090,19.791914,19.791914,675.0118319193101,425.80543091165566,560.44258299994,826.8734999999197,1809.452833000023,2092.5433504000002,0,0,True,1873.3330875499746,,1680.1449478000452,309.31137499992474,6233592,0|0|0,0,10,39.226645,379.9,3799400448,3620683776,156745728,15.04,38863297.543,/Users/admin/wordpress-sqlite-benchmark-runner/artifacts/local-production-restaurant/runs/20260611T151033Z/raw/rep3_sqlite-driver-3.0.0-rc.3_balanced_c64-resource-samples.jsonl
rep3_mariadb-innodb-baseline_balanced_c64,mariadb-innodb-baseline,restaurant-small,balanced,64,3,20.371239,111.578880,23.464454,23.464454,568.528894158818,356.4493971776554,288.5386660000222,694.7109999998702,2135.076149999987,3000.271075239994,0,0,True,693.66962530014,,1354.5366329999981,2990.914629500037,,,0,10,28.998094,356.1,3036545024,2859597824,151207936,9.46,46385345.195,/Users/admin/wordpress-sqlite-benchmark-runner/artifacts/local-production-restaurant/runs/20260611T151033Z/raw/rep3_mariadb-innodb-baseline_balanced_c64-resource-samples.jsonl
rep3_mariadb-innodb-baseline_write-heavy_c4,mariadb-innodb-baseline,restaurant-small,write-heavy,4,3,20.068502,66.422495,19.533097,19.533097,60.08779716879683,42.53678555076846,44.45183400002861,80.26720900011242,142.5726417999613,164.16134144003993,0,0,True,84.44952099989678,,131.9708162999973,156.42308779998757,,,0,10,27.743057,238.2,865452032,688652288,153812992,13.91,30850798.115,/Users/admin/wordpress-sqlite-benchmark-runner/artifacts/local-production-restaurant/runs/20260611T151033Z/raw/rep3_mariadb-innodb-baseline_write-heavy_c4-resource-samples.jsonl
rep3_sqlite-driver-3.0.0-rc.3_write-heavy_c4,sqlite-driver-3.0.0-rc.3,restaurant-small,write-heavy,4,3,20.074257,98.534158,29.191616,29.191616,40.49915481041011,28.629455293847524,32.613332999972044,41.683187249986986,104.15777690043346,122.3249212300243,0,0,True,115.23426049984664,,88.04703174973838,25.993364749979264,4321912,0|0|0,0,10,37.999625,379.8,987594752,808894464,153829376,10.18,46949290.947,/Users/admin/wordpress-sqlite-benchmark-runner/artifacts/local-production-restaurant/runs/20260611T151033Z/raw/rep3_sqlite-driver-3.0.0-rc.3_write-heavy_c4-resource-samples.jsonl
rep3_sqlite-driver-3.0.0-rc.3_write-heavy_c16,sqlite-driver-3.0.0-rc.3,restaurant-small,write-heavy,16,3,20.215076,97.056275,28.543053,28.543053,163.4698242578983,116.75637605061324,129.00162549976812,217.70658300010837,490.254514600224,595.5976765100831,0,0,True,513.6722189998864,,510.9916088000319,70.14946659992358,4602072,0|0|0,0,10,37.509923,376.1,1502691328,1323204608,153829376,10.96,47284388.946,/Users/admin/wordpress-sqlite-benchmark-runner/artifacts/local-production-restaurant/runs/20260611T151033Z/raw/rep3_sqlite-driver-3.0.0-rc.3_write-heavy_c16-resource-samples.jsonl
rep3_mariadb-innodb-baseline_write-heavy_c16,mariadb-innodb-baseline,restaurant-small,write-heavy,16,3,20.177855,95.104263,27.951435,27.951435,167.7045117264171,119.18374272842273,87.5303329999042,228.67602099995565,564.2324077999547,671.0818424400532,0,0,True,161.75042470015342,,261.76174189995425,656.4099214999715,,,0,10,27.769582,332.3,1194852352,1015496704,154140672,12.02,45381450.926,/Users/admin/wordpress-sqlite-benchmark-runner/artifacts/local-production-restaurant/runs/20260611T151033Z/raw/rep3_mariadb-innodb-baseline_write-heavy_c16-resource-samples.jsonl
rep3_sqlite-driver-3.0.0-rc.3_write-heavy_c32,sqlite-driver-3.0.0-rc.3,restaurant-small,write-heavy,32,3,20.406179,99.675690,31.216035,31.216035,317.3280607866298,231.634483649677,269.6372500001871,417.8714062502422,913.8021482499197,1074.8796323903484,0,0,True,966.7900019001081,,932.2762921000962,151.1956918000579,6657952,0|0|0,0,10,36.882103,376.8,2298200064,2116861952,154173440,12.49,47838991.343,/Users/admin/wordpress-sqlite-benchmark-runner/artifacts/local-production-restaurant/runs/20260611T151033Z/raw/rep3_sqlite-driver-3.0.0-rc.3_write-heavy_c32-resource-samples.jsonl
rep3_mariadb-innodb-baseline_write-heavy_c32,mariadb-innodb-baseline,restaurant-small,write-heavy,32,3,20.325006,91.660491,27.896671,27.896671,346.6191261975262,250.73625197902584,163.4380410000631,476.58464599999206,1260.2098752997338,1537.297787500102,0,0,True,211.42538400004005,,507.1134065000251,1479.9054125000566,,,0,10,26.869822,307.0,1813774336,1634156544,154255360,15.86,42962258.111,/Users/admin/wordpress-sqlite-benchmark-runner/artifacts/local-production-restaurant/runs/20260611T151033Z/raw/rep3_mariadb-innodb-baseline_write-heavy_c32-resource-samples.jsonl
rep3_sqlite-driver-3.0.0-rc.3_write-heavy_c64,sqlite-driver-3.0.0-rc.3,restaurant-small,write-heavy,64,3,20.751241,92.958295,27.950135,27.950135,674.5289552845991,501.75518541728377,573.4921250000298,846.462832999805,2002.2850831998767,2373.501488239854,0,0,True,2157.0354125501353,,1941.5586336000158,352.8769541500651,16920872,0|0|0,0,10,40.863251,377.3,3907059712,3727884288,154271744,19.65,44658036.241,/Users/admin/wordpress-sqlite-benchmark-runner/artifacts/local-production-restaurant/runs/20260611T151033Z/raw/rep3_sqlite-driver-3.0.0-rc.3_write-heavy_c64-resource-samples.jsonl
rep3_mariadb-innodb-baseline_write-heavy_c64,mariadb-innodb-baseline,restaurant-small,write-heavy,64,3,20.222860,110.864634,33.674762,33.674762,573.830140508477,432.55035226059596,313.9374790000602,823.5777607496857,2072.25835800009,2516.2019637497106,0,0,True,550.6654998000158,,984.1323918500852,2413.1569170003786,,,0,10,24.82842,338.3,3067232256,2889498624,152125440,13.91,53961539.364,/Users/admin/wordpress-sqlite-benchmark-runner/artifacts/local-production-restaurant/runs/20260611T151033Z/raw/rep3_mariadb-innodb-baseline_write-heavy_c64-resource-samples.jsonl
