case_id,variant,size,workload,concurrency,repetition,elapsed_s,flow_requests_per_second,successful_writes_per_second,attempted_writes_per_second,avg_ms,http_request_avg_ms,p50_ms,p75_ms,p95_ms,p99_ms,failed_flows,write_verification_failures,order_delta_matches_successes,browse_p95_ms,cart_p95_ms,admin_read_p95_ms,write_p95_ms,sqlite_wal_max_bytes,sqlite_checkpoint_after_recording,sqlite_busy_or_locked_errors
rep1_mariadb-innodb-baseline_balanced_c4,mariadb-innodb-baseline,woocommerce-5gb,balanced,4,1,30.276008,16.944110,4.062623,4.062623,235.01212623001848,113.3702069849323,110.05412500003331,254.77566600000046,673.0946000000131,780.0375750000103,0,0,True,113.2165920000034,251.14340839993474,206.6560622999986,777.4660625000139,,,0
rep2_mariadb-innodb-baseline_balanced_c4,mariadb-innodb-baseline,woocommerce-5gb,balanced,4,2,30.157621,16.579557,4.012253,4.012253,240.67273582399878,115.44404015081469,112.90543799998431,274.55563525001025,696.763500299926,918.763446080095,0,0,True,115.65299140006573,263.3728248000352,199.15610779994495,893.8922919999186,,,0
rep3_mariadb-innodb-baseline_balanced_c4,mariadb-innodb-baseline,woocommerce-5gb,balanced,4,3,30.191440,17.521522,4.206490,4.206490,227.5523256238179,110.08003501007269,108.77591600001324,247.01266700003544,647.6997917999597,752.1098617599092,0,0,True,108.26006219995178,248.7166045000322,191.257242199913,747.0554043999755,,,0
rep1_mariadb-innodb-baseline_balanced_c16,mariadb-innodb-baseline,woocommerce-5gb,balanced,16,1,30.957146,23.161050,4.716197,4.716197,678.7853524993012,336.17825650932843,191.48487500001465,462.46450000001005,2726.2394163999943,2947.583494999981,0,0,True,244.00260449997407,572.2225314999605,629.2882954999583,2946.2594374999753,,,0
rep2_mariadb-innodb-baseline_balanced_c16,mariadb-innodb-baseline,woocommerce-5gb,balanced,16,2,31.060449,23.309386,4.571730,4.571730,675.6409017292801,339.06584494798824,214.5485630001076,482.80154175006373,2731.348328650074,3128.4146962497516,0,0,True,302.18371719993246,670.9550624999565,630.3266044999418,3128.775618749728,,,0
rep3_mariadb-innodb-baseline_balanced_c16,mariadb-innodb-baseline,woocommerce-5gb,balanced,16,3,30.980411,22.982264,4.615820,4.615820,682.8055910533797,338.62702283485146,209.12116650015378,509.4486349998988,2702.5494106002043,3099.28440275999,0,0,True,258.7369517500065,604.9254086000018,550.9822978000329,3099.6616085999904,,,0
rep1_mariadb-innodb-baseline_balanced_c32,mariadb-innodb-baseline,woocommerce-5gb,balanced,32,1,31.799951,25.000039,5.220134,5.220134,1248.2839376314437,627.5194223061312,370.957750000116,890.5352494998624,5052.79929609992,5390.932593579954,0,0,True,551.7829101999945,1112.5420063000547,1272.4581080001371,5389.000457999941,,,0
rep2_mariadb-innodb-baseline_balanced_c32,mariadb-innodb-baseline,woocommerce-5gb,balanced,32,2,31.644169,24.996706,5.151028,5.151028,1243.6878519102354,624.0499947157331,374.2612910000389,848.2870209998055,4995.185812999807,5448.132158900173,0,0,True,488.5694143999447,924.4660313498119,1160.975833750058,5438.95581310021,,,0
rep3_mariadb-innodb-baseline_balanced_c32,mariadb-innodb-baseline,woocommerce-5gb,balanced,32,3,31.873953,24.377272,5.051146,5.051146,1267.8014207567555,638.6744528793809,415.5614579999565,949.2749589999221,5115.115066600084,5426.172199840148,0,0,True,580.0916418997531,988.778750000165,1302.5247021500263,5420.223250000163,,,0
rep1_mariadb-innodb-baseline_balanced_c64,mariadb-innodb-baseline,woocommerce-5gb,balanced,64,1,33.318171,24.821291,5.132335,5.132335,2442.5186471257603,1196.4769225082964,961.2345829998503,1977.2565000000668,9864.221995500047,11164.362763000045,0,0,True,1483.4552585999725,2358.5778352999328,2320.138562800184,11160.089083000003,,,0
rep2_mariadb-innodb-baseline_balanced_c64,mariadb-innodb-baseline,woocommerce-5gb,balanced,64,2,33.664068,24.477137,5.020189,5.020189,2473.3297019126167,1215.1090294001267,894.6762915002182,2012.2333852501697,9809.650808099923,10406.616338249825,0,0,True,1586.5568270497529,2232.2222671999043,2614.6180172999034,10387.270741999873,,,0
rep3_mariadb-innodb-baseline_balanced_c64,mariadb-innodb-baseline,woocommerce-5gb,balanced,64,3,33.179830,24.111034,5.003039,5.003039,2530.976673394994,1242.0212429276128,1011.9780625000203,2093.623437750125,10012.10453399974,10584.516199669883,0,0,True,1647.51563510008,2531.421177499965,2515.173021149985,10563.19525999993,,,0
rep1_mariadb-innodb-baseline_read-heavy_c4,mariadb-innodb-baseline,woocommerce-5gb,read-heavy,4,1,30.071124,45.758183,0.000000,0.000000,87.27903357994177,87.23992811046627,89.79160450002155,98.51754224999354,148.38119724998933,184.876405749975,0,0,True,107.18083750001313,,206.64771860000994,,,,0
rep2_mariadb-innodb-baseline_read-heavy_c4,mariadb-innodb-baseline,woocommerce-5gb,read-heavy,4,2,30.102002,47.737688,0.000000,0.000000,83.6763968865694,83.63723967014826,88.23416699999598,96.76962499997899,142.7232338000067,160.51293487998473,0,0,True,101.43250450000208,,167.17068300001756,,,,0
rep3_mariadb-innodb-baseline_read-heavy_c4,mariadb-innodb-baseline,woocommerce-5gb,read-heavy,4,3,30.068958,46.759185,0.000000,0.000000,85.42814537411084,85.3885283613107,88.83720850008103,97.1749269999691,146.52425050007878,181.49460450008522,0,0,True,101.69239599997582,,207.9140250999901,,,,0
rep1_mariadb-innodb-baseline_read-heavy_c16,mariadb-innodb-baseline,woocommerce-5gb,read-heavy,16,1,30.317431,47.497429,0.000000,0.000000,335.58560967291635,335.5443270833332,257.18979199999126,494.84291724996865,813.2611145999817,986.769819370022,0,0,True,723.1030248000251,,1081.0671460000094,,,,0
rep2_mariadb-innodb-baseline_read-heavy_c16,mariadb-innodb-baseline,woocommerce-5gb,read-heavy,16,2,30.180180,47.083881,0.000000,0.000000,339.00129627585994,338.9571007135764,254.53041700006906,455.59987500018906,856.9527500001186,1130.3573666000375,0,0,True,644.6714954999603,,1253.171637599985,,,,0
rep3_mariadb-innodb-baseline_read-heavy_c16,mariadb-innodb-baseline,woocommerce-5gb,read-heavy,16,3,30.273433,46.938845,0.000000,0.000000,339.51136963898404,339.4696720837525,253.11599999986356,448.64487500035466,904.3832920001478,1132.1197500002197,0,0,True,642.4362835499325,,1205.2618085998802,,,,0
rep1_mariadb-innodb-baseline_read-heavy_c32,mariadb-innodb-baseline,woocommerce-5gb,read-heavy,32,1,30.520024,43.446885,0.000000,0.000000,730.3844101259426,730.3407100648548,594.8339999999916,1023.0511042499586,1927.0873957499646,2395.749916749992,0,0,True,1263.2171333999395,,2587.830216599991,,,,0
rep2_mariadb-innodb-baseline_read-heavy_c32,mariadb-innodb-baseline,woocommerce-5gb,read-heavy,32,2,30.417303,45.204534,0.000000,0.000000,703.1082853200021,703.0667802676335,538.3774169999924,983.2960835000222,1948.5331664000337,2399.3094467398078,0,0,True,1220.7972915999562,,2511.084323099965,,,,0
rep3_mariadb-innodb-baseline_read-heavy_c32,mariadb-innodb-baseline,woocommerce-5gb,read-heavy,32,3,30.494444,45.614867,0.000000,0.000000,696.3943522458658,696.3532775636298,535.6829160000416,1000.8521874999587,1908.6351465000462,2228.2737577998864,0,0,True,1243.529707999869,,2351.468889900002,,,,0
rep1_mariadb-innodb-baseline_read-heavy_c64,mariadb-innodb-baseline,woocommerce-5gb,read-heavy,64,1,30.958886,44.252239,0.000000,0.000000,1424.8057225394164,1424.761053222627,1195.672562499965,1856.0951455000065,3761.8198123499633,4936.902956519918,0,0,True,2183.8364560999876,,5076.744843449967,,,,0
rep2_mariadb-innodb-baseline_read-heavy_c64,mariadb-innodb-baseline,woocommerce-5gb,read-heavy,64,2,31.111282,43.681903,0.000000,0.000000,1442.397823086828,1442.351212117733,1161.128958000063,1875.3850000000511,4173.041574699797,5392.563951579798,0,0,True,2201.0544392500606,,5642.2206538998125,,,,0
rep3_mariadb-innodb-baseline_read-heavy_c64,mariadb-innodb-baseline,woocommerce-5gb,read-heavy,64,3,31.063710,45.133050,0.000000,0.000000,1398.9346616283913,1398.8887991818833,1131.349645499995,1858.3652702499194,4114.895214899731,4972.2748221701295,0,0,True,2134.856858800049,,5158.233299399945,,,,0
rep1_mariadb-innodb-baseline_write-heavy_c4,mariadb-innodb-baseline,woocommerce-5gb,write-heavy,4,1,30.414604,10.291109,5.227752,5.227752,388.19571406069946,134.52237098337054,450.96879200002604,611.4714579999827,738.744691599936,970.9146200400344,0,0,True,119.07418490001193,266.9496562500342,228.2627669000477,776.3835580999853,,,0
rep2_mariadb-innodb-baseline_write-heavy_c4,mariadb-innodb-baseline,woocommerce-5gb,write-heavy,4,2,30.639763,9.987022,5.058786,5.058786,398.93228252941265,138.69966389419923,441.5678750000325,628.26344774993,790.0985422500071,978.8065190500103,0,0,True,116.78481309991184,279.2532767499438,209.56143309991836,828.6306453999715,,,0
rep3_mariadb-innodb-baseline_write-heavy_c4,mariadb-innodb-baseline,woocommerce-5gb,write-heavy,4,3,30.409821,10.029655,5.097038,5.097038,396.46246799672866,137.85792171689587,448.7222909999673,631.0191249999662,761.2036500000158,1031.519013959938,0,0,True,135.98714170007042,269.12844100006623,189.5211808000341,818.2086375000156,,,0
rep1_mariadb-innodb-baseline_write-heavy_c16,mariadb-innodb-baseline,woocommerce-5gb,write-heavy,16,1,31.353768,13.076578,6.570183,6.570183,1197.217043719512,406.1325085496695,1428.9755835001188,2113.479479249918,2488.993966999965,2971.5206480899365,0,0,True,232.72141700002751,565.3585144000087,537.4746502999643,2869.6214067501273,,,0
rep2_mariadb-innodb-baseline_write-heavy_c16,mariadb-innodb-baseline,woocommerce-5gb,write-heavy,16,2,31.041214,13.369322,6.571908,6.571908,1178.755652934943,403.7553218257643,659.3077500001527,2111.3124585001515,2454.43814179971,3014.9230608798193,0,0,True,239.7001357502404,644.9748292000095,575.3058372000851,2804.320289300085,,,0
rep3_mariadb-innodb-baseline_write-heavy_c16,mariadb-innodb-baseline,woocommerce-5gb,write-heavy,16,3,31.261567,11.291820,5.693892,5.693892,1394.8288359320065,471.8663927727712,1328.428249999888,2373.2302499997786,3134.7146663998487,4048.022489679662,0,0,True,342.10395900026924,742.0978338998113,678.1642184998873,3812.86218755015,,,0
rep1_mariadb-innodb-baseline_write-heavy_c32,mariadb-innodb-baseline,woocommerce-5gb,write-heavy,32,1,31.852881,15.289041,7.597429,7.597429,2046.1333567885056,715.1416008506849,1659.2860420000761,3692.5126664999652,4299.017737299937,4750.168706379886,0,0,True,427.09917950001,1370.7451000001015,1063.941916750025,4580.403752400059,,,0
rep2_mariadb-innodb-baseline_write-heavy_c32,mariadb-innodb-baseline,woocommerce-5gb,write-heavy,32,2,32.030558,14.923249,7.492845,7.492845,2081.473274579499,722.8542312158384,2009.679896000307,3759.633926750098,4612.542691849876,5087.564285020035,0,0,True,486.43808350004747,1157.1550668000782,893.9234501996906,4922.427533349969,,,0
rep3_mariadb-innodb-baseline_write-heavy_c32,mariadb-innodb-baseline,woocommerce-5gb,write-heavy,32,3,32.073889,15.401936,7.700968,7.700968,2017.5126726680053,701.1846517755033,1835.5601664998176,3638.7242607497683,4278.172388049598,4517.738398929459,0,0,True,508.65334374943814,1105.5470252003943,1015.5292602503323,4347.850562399981,,,0
rep1_mariadb-innodb-baseline_write-heavy_c64,mariadb-innodb-baseline,woocommerce-5gb,write-heavy,64,1,33.355515,15.499686,7.584953,7.584953,3927.9903612108337,1355.4394560280357,2576.168999999936,7019.121083000073,8982.109783399937,9705.783487279912,0,0,True,1244.0055332001066,2512.468624500002,2473.3197295000195,9539.58390039993,,,0
rep2_mariadb-innodb-baseline_write-heavy_c64,mariadb-innodb-baseline,woocommerce-5gb,write-heavy,64,2,33.529772,15.568254,7.635006,7.635006,3911.187658925288,1350.0932839325412,2631.4886874999956,7254.309843999863,8216.123612800266,8641.067658750293,0,0,True,1109.6134752000578,2601.945062499908,2469.0235419998317,8460.334833500156,,,0
rep3_mariadb-innodb-baseline_write-heavy_c64,mariadb-innodb-baseline,woocommerce-5gb,write-heavy,64,3,34.302154,14.926176,7.288172,7.288172,4089.050384990244,1412.4622268346834,2909.4274794997546,7477.913041749616,8598.629314549999,9104.375279739816,0,0,True,1190.5132732493712,2780.1660668500517,2576.272172400195,9023.207985749877,,,0
rep1_sqlite-driver-3.0.0-rc.3_balanced_c4,sqlite-driver-3.0.0-rc.3,woocommerce-5gb,balanced,4,1,30.176874,17.993911,3.943417,3.943417,221.66288076612358,110.26547568256517,122.1792500000447,202.51795799981664,661.3724131001163,739.1238105000231,0,0,True,125.40387080016444,208.97565359978216,153.43069315006233,738.099070500175,5726832,0|0|0,0
rep2_sqlite-driver-3.0.0-rc.3_balanced_c4,sqlite-driver-3.0.0-rc.3,woocommerce-5gb,balanced,4,2,30.308160,17.981956,3.992324,3.992324,221.11760763669605,109.59944492986989,121.92220800034193,202.208624999912,672.9245501998774,725.6551559999565,0,0,True,126.25133290002849,220.7268455999838,157.33560624994425,720.3941660000055,6835112,0|0|0,0
rep3_sqlite-driver-3.0.0-rc.3_balanced_c4,sqlite-driver-3.0.0-rc.3,woocommerce-5gb,balanced,4,3,30.726914,17.997252,3.970461,3.970461,218.3855896347187,108.33994661096122,119.39279200032615,201.2744170001497,658.522358799928,720.9024336800943,0,0,True,124.33056905024387,227.64383380017534,154.2646274001072,712.9433985500782,6270672,0|0|0,0
rep1_sqlite-driver-3.0.0-rc.3_balanced_c16,sqlite-driver-3.0.0-rc.3,woocommerce-5gb,balanced,16,1,31.228790,15.978845,2.978021,2.978021,979.3426622605575,492.32648235788247,689.9270419999084,1032.6759170002333,2862.1633912996913,3119.556289999946,0,0,True,764.1909797498556,1262.7572963997409,926.3741336000749,3121.3834250002037,84571272,0|0|0,0
rep2_sqlite-driver-3.0.0-rc.3_balanced_c16,sqlite-driver-3.0.0-rc.3,woocommerce-5gb,balanced,16,2,31.512660,18.024502,3.300261,3.300261,864.6666839242935,436.6912736512498,584.4222914997772,850.0412810001308,2685.983070600105,3049.808314999637,0,0,True,597.2212687495357,1005.3915729002256,815.1647728999706,3053.4771750002164,32255512,0|0|0,0
rep3_sqlite-driver-3.0.0-rc.3_balanced_c16,sqlite-driver-3.0.0-rc.3,woocommerce-5gb,balanced,16,3,30.943008,17.677661,3.231748,3.231748,887.0314652084248,446.142021199636,565.140457999405,840.3777500002434,2752.24895820029,3150.689209219926,0,0,True,602.308904399797,1024.8502541999187,767.6726982503168,3164.1150214501067,71251312,0|0|0,0
rep1_sqlite-driver-3.0.0-rc.3_balanced_c32,sqlite-driver-3.0.0-rc.3,woocommerce-5gb,balanced,32,1,32.282100,18.864944,3.717230,3.717230,1642.3376471395563,848.1081746225558,1202.7671670002746,1972.997874999237,4112.142308799594,4410.548996080178,0,0,True,1373.310049700467,2247.2070251998957,1623.376124999595,4413.359422300164,105537952,0|0|0,0
rep2_sqlite-driver-3.0.0-rc.3_balanced_c32,sqlite-driver-3.0.0-rc.3,woocommerce-5gb,balanced,32,2,32.066706,18.773366,3.742199,3.742199,1648.3370882209167,845.0373012172016,1153.4082504999787,1911.6419582501294,4370.820991999881,4792.082203920063,0,0,True,1246.2416040002608,2292.016780999802,1810.3890173000764,4793.003626450036,119636592,0|0|0,0
rep3_sqlite-driver-3.0.0-rc.3_balanced_c32,sqlite-driver-3.0.0-rc.3,woocommerce-5gb,balanced,32,3,32.521394,18.879879,3.720628,3.720628,1633.2644278778519,840.3661537024319,1134.5562710002923,1855.2571667498796,4441.061156249589,4771.9720737495845,0,0,True,1252.617868850257,2199.626301650142,1621.0106669996094,4781.149374999586,126743592,0|0|0,0
rep1_sqlite-driver-3.0.0-rc.3_balanced_c64,sqlite-driver-3.0.0-rc.3,woocommerce-5gb,balanced,64,1,33.154964,16.498284,3.378076,3.378076,3688.0809039341907,1812.3091613486151,2943.2246670003224,4637.47914600026,8544.879857900198,9316.753332499957,0,0,True,3117.031833499368,5277.6396544005365,3808.38901620009,9315.433943749895,85370552,0|0|0,0
rep2_sqlite-driver-3.0.0-rc.3_balanced_c64,sqlite-driver-3.0.0-rc.3,woocommerce-5gb,balanced,64,2,33.953698,16.021819,3.416417,3.416417,3758.188946827199,1815.4042894556026,3005.246937500033,4858.499249749684,8263.286768699481,9115.908463750331,0,0,True,3127.384502099949,5315.235858600318,3953.45593400034,9107.040343750214,94665272,0|0|0,0
rep3_sqlite-driver-3.0.0-rc.3_balanced_c64,sqlite-driver-3.0.0-rc.3,woocommerce-5gb,balanced,64,3,33.231591,16.791251,3.400379,3.400379,3636.5728727634487,1797.1109806333134,2784.791228999893,4479.133499999989,8524.537852550384,9942.634470510082,0,0,True,3101.269760500145,5029.787229000021,3699.5811913997386,9941.751466800088,81081632,0|0|0,0
rep1_sqlite-driver-3.0.0-rc.3_read-heavy_c4,sqlite-driver-3.0.0-rc.3,woocommerce-5gb,read-heavy,4,1,30.078327,41.890628,0.000000,0.000000,95.38736951904228,95.35014008253889,93.0036455000618,114.74209350006959,164.55069794995995,205.11919875014212,0,0,True,121.22040625013142,,213.6104687498573,,4190072,0|0|0,0
rep2_sqlite-driver-3.0.0-rc.3_read-heavy_c4,sqlite-driver-3.0.0-rc.3,woocommerce-5gb,read-heavy,4,2,30.094316,40.406301,0.000000,0.000000,98.92786181742622,98.88891383141099,95.01835399987613,116.95807300009164,174.23592649970487,233.4703186998692,0,0,True,125.02680859997781,,263.28699999999117,,4148872,0|0|0,0
rep3_sqlite-driver-3.0.0-rc.3_read-heavy_c4,sqlite-driver-3.0.0-rc.3,woocommerce-5gb,read-heavy,4,3,30.082084,40.788398,0.000000,0.000000,97.95707577912826,97.91986367237028,93.8975830003983,115.51402099985353,173.79406229983942,235.06218749993425,0,0,True,122.88450819996797,,252.62680165005784,,4214792,0|0|0,0
rep1_sqlite-driver-3.0.0-rc.3_read-heavy_c16,sqlite-driver-3.0.0-rc.3,woocommerce-5gb,read-heavy,16,1,30.315352,35.328635,0.000000,0.000000,450.3660856358637,450.3167401176668,442.52870900072594,535.8790000004774,856.4509375000853,1031.886283199673,0,0,True,647.0101584000076,,1091.1049853998065,,4527912,0|0|0,0
rep2_sqlite-driver-3.0.0-rc.3_read-heavy_c16,sqlite-driver-3.0.0-rc.3,woocommerce-5gb,read-heavy,16,2,30.284750,37.510628,0.000000,0.000000,424.2612196206077,424.2170104938257,419.9309579998953,500.70153149999896,809.7853542501525,994.2933562493639,0,0,True,583.0940835003275,,1064.0692414001023,,4346632,0|0|0,0
rep3_sqlite-driver-3.0.0-rc.3_read-heavy_c16,sqlite-driver-3.0.0-rc.3,woocommerce-5gb,read-heavy,16,3,30.257701,38.403447,0.000000,0.000000,414.619410562826,414.5767482401027,409.56999999980326,489.8142812498918,783.3554893000384,977.3693282602386,0,0,True,585.3219171998717,,1020.581208600015,,4540272,0|0|0,0
rep1_sqlite-driver-3.0.0-rc.3_read-heavy_c32,sqlite-driver-3.0.0-rc.3,woocommerce-5gb,read-heavy,32,1,30.509034,36.153226,0.000000,0.000000,877.8015130797842,877.7530115666466,870.785834000344,1044.7895835000054,1530.6681249999208,1834.5759316799922,0,0,True,1206.8455109995284,,1975.2954663998025,,4330152,0|0|0,0
rep2_sqlite-driver-3.0.0-rc.3_read-heavy_c32,sqlite-driver-3.0.0-rc.3,woocommerce-5gb,read-heavy,32,2,30.455692,36.906073,0.000000,0.000000,859.7603660293698,859.7151882402139,861.570166999627,1010.9144682498936,1492.6986062500407,1803.8152955906298,0,0,True,1146.4226982999662,,1954.7452544999487,,4643272,0|0|0,0
rep3_sqlite-driver-3.0.0-rc.3_read-heavy_c32,sqlite-driver-3.0.0-rc.3,woocommerce-5gb,read-heavy,32,3,30.480559,36.875964,0.000000,0.000000,861.5998825720859,861.5552285809454,851.8334999998842,1012.4305414994978,1534.4418312002288,1864.629682139893,0,0,True,1168.7169579503916,,1952.9947399003959,,5162392,0|0|0,0
rep1_sqlite-driver-3.0.0-rc.3_read-heavy_c64,sqlite-driver-3.0.0-rc.3,woocommerce-5gb,read-heavy,64,1,31.166613,30.770106,0.000000,0.000000,2043.9056892586116,2043.850441794583,1973.411083999963,2507.185437499629,3548.711758599711,4465.320422499934,0,0,True,3053.995706899468,,4643.76747139986,,10431872,0|0|0,0
rep2_sqlite-driver-3.0.0-rc.3_read-heavy_c64,sqlite-driver-3.0.0-rc.3,woocommerce-5gb,read-heavy,64,2,31.266043,32.239449,0.000000,0.000000,1946.791579597222,1946.7148388402738,1880.7329165001647,2372.1642600000905,3263.720531150284,4193.333685310007,0,0,True,2819.7131250001803,,4320.888374499646,,10242352,0|0|0,0
rep3_sqlite-driver-3.0.0-rc.3_read-heavy_c64,sqlite-driver-3.0.0-rc.3,woocommerce-5gb,read-heavy,64,3,31.222531,33.309280,0.000000,0.000000,1884.3161566096278,1884.2629217990338,1845.9801874996629,2261.3971662499353,3245.5889354002466,4005.7809226297186,0,0,True,2680.336598099848,,4275.50095450033,,13291152,0|0|0,0
rep1_sqlite-driver-3.0.0-rc.3_write-heavy_c4,sqlite-driver-3.0.0-rc.3,woocommerce-5gb,write-heavy,4,1,30.247316,11.670457,5.719516,5.719516,341.8284990368252,118.58860422539088,213.65708299981634,544.772791000014,693.9966750000167,811.7524303198662,0,0,True,129.18956249995972,210.67255419989127,158.2223418000467,724.934574800227,7486072,0|0|0,0
rep2_sqlite-driver-3.0.0-rc.3_write-heavy_c4,sqlite-driver-3.0.0-rc.3,woocommerce-5gb,write-heavy,4,2,30.499953,9.409850,4.590171,4.590171,423.2446749268185,148.48994510280576,228.96600000012768,703.5104579999825,860.752199900071,917.2741422598483,0,0,True,135.70741700004874,227.22224189997178,192.04343699993842,911.7635687497113,10061072,0|0|0,0
rep3_sqlite-driver-3.0.0-rc.3_write-heavy_c4,sqlite-driver-3.0.0-rc.3,woocommerce-5gb,write-heavy,4,3,30.606187,11.337577,5.554432,5.554432,348.71608094813774,120.93797475075847,223.58683299989934,550.0138959998822,703.0806001997917,750.4510483600825,0,0,True,135.83453545006702,222.55547899999328,164.27225025017833,722.877337200066,6909272,0|0|0,0
rep1_sqlite-driver-3.0.0-rc.3_write-heavy_c16,sqlite-driver-3.0.0-rc.3,woocommerce-5gb,write-heavy,16,1,31.144608,10.884709,5.394192,5.394192,1445.8404369646303,489.32800061736043,1120.7012920003763,2253.327916499984,3001.427761899595,3202.9613879200406,0,0,True,665.3305149001882,1079.314978599723,905.6262685998263,3094.425510299925,96828272,0|0|0,0
rep2_sqlite-driver-3.0.0-rc.3_write-heavy_c16,sqlite-driver-3.0.0-rc.3,woocommerce-5gb,write-heavy,16,2,31.871668,11.044292,5.522146,5.522146,1407.1772294147968,477.8253725289561,1247.6536874996782,2207.4908859999596,2733.4017516000586,3129.5543884202743,0,0,True,633.0094098002064,1144.0749419000895,823.4602852000536,2912.0734064997578,79726152,0|0|0,0
rep3_sqlite-driver-3.0.0-rc.3_write-heavy_c16,sqlite-driver-3.0.0-rc.3,woocommerce-5gb,write-heavy,16,3,31.036991,11.147988,5.606214,5.606214,1410.1948251444744,477.12237910275604,1152.9123329992217,2308.9723544999288,2747.484385249436,3029.5778188999975,0,0,True,678.9805523998895,1068.9659001996915,733.9101161998768,2864.588547800122,121659512,0|0|0,0
rep1_sqlite-driver-3.0.0-rc.3_write-heavy_c32,sqlite-driver-3.0.0-rc.3,woocommerce-5gb,write-heavy,32,1,31.707210,10.533882,4.983094,4.983094,2958.7217824491377,1060.1111032585575,2068.488687500121,5211.217729250393,6699.0336122999,7481.469632610234,0,0,True,1420.9893001996534,2197.1509916500054,1517.0308834000025,7052.994466999553,175396672,0|0|0,0
rep2_sqlite-driver-3.0.0-rc.3_write-heavy_c32,sqlite-driver-3.0.0-rc.3,woocommerce-5gb,write-heavy,32,2,31.907364,11.533388,5.578649,5.578649,2693.7102770244733,956.5840818706592,2244.75412449965,3965.7598642502307,5758.494916999825,6139.686372500063,0,0,True,1235.0153249999496,2453.0776294000134,1568.6850622498696,5952.643625000246,218096352,0|0|0,0
rep3_sqlite-driver-3.0.0-rc.3_write-heavy_c32,sqlite-driver-3.0.0-rc.3,woocommerce-5gb,write-heavy,32,3,31.703209,11.513030,5.551488,5.551488,2701.5324864685467,956.1187580087167,1961.2982919998103,4057.585917000324,5757.998491999751,6538.006089760348,0,0,True,1233.7134246497951,2056.484900000032,1665.9439493501388,6246.986375249662,129887152,0|0|0,0
rep1_sqlite-driver-3.0.0-rc.3_write-heavy_c64,sqlite-driver-3.0.0-rc.3,woocommerce-5gb,write-heavy,64,1,33.735838,9.633672,4.831657,4.831657,6312.815442532287,2145.705999191415,5036.098125000535,10082.338500000333,12543.165083000167,13983.53862816002,0,0,True,3212.3274159994253,5611.731833500016,4406.928831099867,13357.739683599904,190067992,0|0|0,0
rep2_sqlite-driver-3.0.0-rc.3_write-heavy_c64,sqlite-driver-3.0.0-rc.3,woocommerce-5gb,write-heavy,64,2,33.187635,10.485833,5.122390,5.122390,5840.9402513132245,2012.1668521098916,4484.439438000209,9081.63690574952,12037.20133749989,13507.789172759558,0,0,True,2893.016833399816,4780.715437749677,3631.4611915999194,12766.530191999938,152876752,0|0|0,0
rep3_sqlite-driver-3.0.0-rc.3_write-heavy_c64,sqlite-driver-3.0.0-rc.3,woocommerce-5gb,write-heavy,64,3,33.454618,10.999976,5.499988,5.499988,5531.841555144007,1870.7682085551485,4336.668937500235,8544.28635425029,11764.44858299992,12936.77507018995,0,0,True,2784.218816399334,4315.8634830504525,2935.7255209997675,12257.86237244979,213984592,0|0|0,0
rep1_sqlite-plugin-2.2.23-control_balanced_c4,sqlite-plugin-2.2.23-control,woocommerce-5gb,balanced,4,1,30.556268,18.294119,3.894455,4.025361,215.15622265473817,107.62190868368418,122.81533299983494,202.4141670001427,635.6568002996482,691.4019245000235,4,4,True,125.3067333999752,209.50829795003756,155.61021220023576,690.8362045000104,6789792,0|0|0,85
rep2_sqlite-plugin-2.2.23-control_balanced_c4,sqlite-plugin-2.2.23-control,woocommerce-5gb,balanced,4,2,30.110961,18.298984,3.819207,4.018470,216.53142618328695,108.90830991588967,122.3525420000442,200.89818749988808,654.924312500043,714.3602920000376,6,6,True,126.37722510016829,203.96423279999,168.04738540001838,713.5790088000249,6662072,0|0|0,60
rep3_sqlite-plugin-2.2.23-control_balanced_c4,sqlite-plugin-2.2.23-control,woocommerce-5gb,balanced,4,3,30.080618,19.746935,4.155500,4.321720,201.04933123064737,100.80492477345642,124.04852150007173,202.99140650001846,585.4142334500011,644.0269945602313,5,5,True,128.02371874977325,208.66872499991587,158.58087524975417,642.0415584002512,6662072,0|0|0,61
rep1_sqlite-plugin-2.2.23-control_balanced_c16,sqlite-plugin-2.2.23-control,woocommerce-5gb,balanced,16,1,30.934214,19.137386,3.394300,3.685240,815.2145729949214,419.8594846771187,599.2387919995963,861.0324789997321,2287.710833550091,2808.4534564097726,9,9,True,680.1999666004123,1020.2597910001714,901.2030419999064,2864.0040332000353,45810312,0|0|0,129
rep2_sqlite-plugin-2.2.23-control_balanced_c16,sqlite-plugin-2.2.23-control,woocommerce-5gb,balanced,16,2,30.698128,20.457274,3.485555,3.974184,761.0159649012685,394.4873019099905,569.4944785000189,839.7542602506292,2000.593362050131,2383.0780837500433,15,15,True,611.1990880997837,1000.8623959997749,818.8305162001598,2403.2144669004992,33689272,0|0|0,111
rep3_sqlite-plugin-2.2.23-control_balanced_c16,sqlite-plugin-2.2.23-control,woocommerce-5gb,balanced,16,3,31.396121,10.542704,2.006617,2.134022,1471.2196532084756,753.5043038591448,1076.404833000197,2034.950624999965,3991.2040415001684,4740.293112400195,4,4,True,1642.7261746997826,2760.8314121998774,1920.6770584001788,4746.318620800139,20995552,0|0|0,73
rep1_sqlite-plugin-2.2.23-control_balanced_c32,sqlite-plugin-2.2.23-control,woocommerce-5gb,balanced,32,1,31.981687,19.823845,3.658344,4.033558,1537.666386457421,802.1403815950702,1121.7425834997812,1827.700843750108,3828.3586791495973,4341.450620609991,12,12,True,1246.9440662004672,2115.3517955995994,1613.1939664001038,4366.592583000056,86746632,0|0|0,120
rep2_sqlite-plugin-2.2.23-control_balanced_c32,sqlite-plugin-2.2.23-control,woocommerce-5gb,balanced,32,2,32.120816,8.810486,1.245298,1.556623,3382.459747222621,1895.0889957168247,2756.836083000053,4277.70731200053,7443.502233600156,9362.727133879836,10,10,True,3435.5251665996548,5822.729625000193,3546.90517070012,9613.623197949755,14284072,0|0|0,84
rep3_sqlite-plugin-2.2.23-control_balanced_c32,sqlite-plugin-2.2.23-control,woocommerce-5gb,balanced,32,3,32.347305,12.829508,2.164013,2.442244,2372.53566567473,1270.125416136752,1871.3732080004775,3124.5722085000125,5885.092445500141,7913.7262402602255,9,9,True,3185.763867000242,4771.374866100177,2797.052407800221,8085.265612200054,41212392,0|0|0,108
rep1_sqlite-plugin-2.2.23-control_balanced_c64,sqlite-plugin-2.2.23-control,woocommerce-5gb,balanced,64,1,32.238302,19.479934,3.505147,3.846356,3111.2462652531804,1574.2049096575172,2397.7077920003467,3830.1845102496372,7742.947086949835,9157.51714743001,11,11,True,2631.1547499999506,4299.34079199993,3477.588941800059,9208.631982800034,71622112,0|0|0,144
rep2_sqlite-plugin-2.2.23-control_balanced_c64,sqlite-plugin-2.2.23-control,woocommerce-5gb,balanced,64,2,34.185817,11.437492,1.901373,2.398656,5078.5165808389,2647.220913902635,4313.483957999779,6916.592749499614,12156.625416499992,14516.501320799853,17,17,True,5951.694250050013,9710.1128952007,7414.392027050598,14525.985941399813,60840072,0|0|0,170
rep3_sqlite-plugin-2.2.23-control_balanced_c64,sqlite-plugin-2.2.23-control,woocommerce-5gb,balanced,64,3,38.226387,9.339099,1.857356,2.092795,6004.485780677851,2976.4317596722353,5329.4639169998845,8129.531167000096,13247.377024799604,15538.543811520067,9,9,True,6266.544606249546,9663.157842100463,6350.205499999902,15543.856291500106,53972032,0|0|0,128
rep1_sqlite-plugin-2.2.23-control_read-heavy_c4,sqlite-plugin-2.2.23-control,woocommerce-5gb,read-heavy,4,1,30.170489,40.436865,0.000000,0.000000,98.65221513114453,98.61546814017447,94.65335400000185,117.38922925007955,178.9783684500206,222.59662928961907,0,0,True,124.5823225000322,,231.26636064998817,,4124152,0|0|0,15
rep2_sqlite-plugin-2.2.23-control_read-heavy_c4,sqlite-plugin-2.2.23-control,woocommerce-5gb,read-heavy,4,2,30.054209,39.528574,0.000000,0.000000,101.12544798316617,101.08737359596265,95.81645849993947,117.880489499953,190.8899794997751,253.1681496702514,0,0,True,126.60559520013521,,323.7984253998547,,4124152,0|0|0,22
rep3_sqlite-plugin-2.2.23-control_read-heavy_c4,sqlite-plugin-2.2.23-control,woocommerce-5gb,read-heavy,4,3,30.059578,40.419730,0.000000,0.000000,98.86998768230862,98.83211106173839,96.14979199977824,117.7029585001037,176.7621125002279,223.21728550016812,0,0,True,124.63588744997195,,234.43950000000768,,4185952,0|0|0,21
rep1_sqlite-plugin-2.2.23-control_read-heavy_c16,sqlite-plugin-2.2.23-control,woocommerce-5gb,read-heavy,16,1,30.217619,37.627054,0.000000,0.000000,423.2904113078217,423.24845400000424,427.5305410001238,495.7265409993852,806.9136837999396,983.6474913597347,0,0,True,587.839853999867,,1034.0661979998913,,4441392,0|0|0,10
rep2_sqlite-plugin-2.2.23-control_read-heavy_c16,sqlite-plugin-2.2.23-control,woocommerce-5gb,read-heavy,16,2,30.270011,37.661036,0.000000,0.000000,423.18505984562097,423.14045462543817,420.29662550021385,497.4082499995802,796.4776681006242,1032.8604079898284,0,0,True,597.6122250000116,,1079.6382208003706,,4404312,0|0|0,21
rep3_sqlite-plugin-2.2.23-control_read-heavy_c16,sqlite-plugin-2.2.23-control,woocommerce-5gb,read-heavy,16,3,30.661585,24.395347,0.000000,0.000000,649.2883967366147,649.2353793903857,498.03783300012583,937.0769165000183,1397.326482999733,1647.5258327398474,0,0,True,1341.3502374999555,,1798.448666000695,,4152992,0|0|0,5
rep1_sqlite-plugin-2.2.23-control_read-heavy_c32,sqlite-plugin-2.2.23-control,woocommerce-5gb,read-heavy,32,1,30.584575,36.848641,0.000000,0.000000,860.3040334658626,860.2588666947825,858.7193749999642,1007.2615624999344,1515.0090125000133,1867.9278359998718,0,0,True,1174.1691126496332,,1978.1972000000678,,6390152,0|0|0,24
rep2_sqlite-plugin-2.2.23-control_read-heavy_c32,sqlite-plugin-2.2.23-control,woocommerce-5gb,read-heavy,32,2,30.536676,37.954360,0.000000,0.000000,836.7575021647853,836.7112790043277,833.1147909993888,983.898353999848,1500.2241330003014,1744.3442626402805,0,0,True,1135.0915248998717,,1854.163364349824,,4297192,0|0|0,21
rep3_sqlite-plugin-2.2.23-control_read-heavy_c32,sqlite-plugin-2.2.23-control,woocommerce-5gb,read-heavy,32,3,31.415049,13.655876,0.000000,0.000000,2289.864366177191,2289.780031571111,2281.5151670001796,2902.598458000284,3652.991599999587,4331.267214999753,0,0,True,3381.350874600139,,4404.833935600072,,4177712,0|0|0,5
rep1_sqlite-plugin-2.2.23-control_read-heavy_c64,sqlite-plugin-2.2.23-control,woocommerce-5gb,read-heavy,64,1,31.274668,36.707024,0.000000,0.000000,1708.375499599292,1708.3288694329285,1682.7051664995452,2037.9460100000415,2927.7265476998787,3559.0366015101786,0,0,True,2377.7548914499675,,3761.6221583499737,,6921632,0|0|0,35
rep2_sqlite-plugin-2.2.23-control_read-heavy_c64,sqlite-plugin-2.2.23-control,woocommerce-5gb,read-heavy,64,2,30.937599,35.296857,0.000000,0.000000,1785.5703877591625,1785.5190360210534,1744.7508539999035,2163.5642397504853,3076.441066299777,3953.771737499298,0,0,True,2570.4132672000924,,4069.7958909998306,,5491992,0|0|0,40
rep3_sqlite-plugin-2.2.23-control_read-heavy_c64,sqlite-plugin-2.2.23-control,woocommerce-5gb,read-heavy,64,3,33.081906,12.544622,0.000000,0.000000,4885.393380698811,4885.135186865058,5005.345582999325,6148.88879199998,7987.842141800411,9203.10713450026,0,0,True,7649.646332799784,,8770.677941849952,,4058232,0|0|0,15
rep1_sqlite-plugin-2.2.23-control_write-heavy_c4,sqlite-plugin-2.2.23-control,woocommerce-5gb,write-heavy,4,1,30.648203,11.941973,5.644703,6.101500,327.42159644535997,115.60488315845362,208.20243749994916,519.2699682500006,657.1343645000525,701.8269249998639,14,14,True,126.94075020008313,211.03523739975572,168.69562500005486,687.5177500000973,7144112,0|0|0,108
rep2_sqlite-plugin-2.2.23-control_write-heavy_c4,sqlite-plugin-2.2.23-control,woocommerce-5gb,write-heavy,4,2,30.775175,9.585648,4.711590,4.939046,407.4383278372794,142.23371143009348,212.55858399990757,663.3893539999463,829.9844082998335,873.9207529801661,7,7,True,129.5666559500205,211.45698319987787,164.10624950003694,856.3524498002153,10926272,0|0|0,85
rep3_sqlite-plugin-2.2.23-control_write-heavy_c4,sqlite-plugin-2.2.23-control,woocommerce-5gb,write-heavy,4,3,30.589243,11.932299,5.851730,6.015186,330.06397473973374,115.44005123991812,215.38845899976877,527.3062500000378,634.3065250000109,660.2399067601802,5,5,True,129.14482460028012,213.84233370001766,172.17490439998073,646.580708600186,6394272,0|0|0,101
rep1_sqlite-plugin-2.2.23-control_write-heavy_c16,sqlite-plugin-2.2.23-control,woocommerce-5gb,write-heavy,16,1,31.085675,10.841006,4.889712,5.758279,1412.4231529169226,499.2168843357715,935.594833000323,2361.6315409999515,3282.2521338004653,3574.561882999987,27,27,True,727.0938375999323,1086.1044249997576,837.0398349000877,3492.7309590005734,102831112,0|0|0,166
rep2_sqlite-plugin-2.2.23-control_write-heavy_c16,sqlite-plugin-2.2.23-control,woocommerce-5gb,write-heavy,16,2,30.611671,5.618772,2.352044,2.678717,2758.2159145116334,996.1432483592436,2213.3336034999047,4241.103270500389,6541.545291850524,7118.145735499965,10,10,True,1935.4413993998608,2891.870070550158,1874.8553002005792,6978.767180949672,52385832,0|0|0,105
rep3_sqlite-plugin-2.2.23-control_write-heavy_c16,sqlite-plugin-2.2.23-control,woocommerce-5gb,write-heavy,16,3,30.979012,6.681943,2.969753,3.453951,2267.8833226715274,802.027965946944,1868.2485419994919,3854.118061999543,5002.38160439985,5495.295556980182,15,15,True,1570.45849959959,2827.3205834998407,1698.7596089002184,5419.011568750102,39988752,0|0|0,125
rep1_sqlite-plugin-2.2.23-control_write-heavy_c32,sqlite-plugin-2.2.23-control,woocommerce-5gb,write-heavy,32,1,32.040178,10.268357,4.369514,5.555525,2895.9546343738693,1071.4678234386995,1802.8150000000096,4987.294124999607,6425.129316400308,6765.350093240016,38,38,True,1185.7285125001908,2041.2321436002003,1560.9667580003131,6597.030327399398,160585272,0|0|0,226
rep2_sqlite-plugin-2.2.23-control_write-heavy_c32,sqlite-plugin-2.2.23-control,woocommerce-5gb,write-heavy,32,2,35.405815,6.835035,3.106834,3.586981,4232.782191814019,1551.4944227136389,3705.011229500087,6764.13476024959,9204.044120849901,9999.53599074951,17,17,True,3521.1486627995328,4838.651667000158,2765.82089140029,9816.703649700275,123925512,0|0|0,148
rep3_sqlite-plugin-2.2.23-control_write-heavy_c32,sqlite-plugin-2.2.23-control,woocommerce-5gb,write-heavy,32,3,34.563230,5.005319,2.488193,2.661788,5915.162063531722,2074.6809870567786,5987.755707999895,8387.301624999964,10367.906016000052,11542.670906278727,6,6,True,3572.767250001198,6351.089187500293,3349.985074698998,11173.440353999013,70110072,0|0|0,96
rep1_sqlite-plugin-2.2.23-control_write-heavy_c64,sqlite-plugin-2.2.23-control,woocommerce-5gb,write-heavy,64,1,36.061588,9.705618,4.242742,5.185573,5843.630986074247,2088.83415670888,4019.79254150001,9710.037385249962,11653.776891299505,12174.338615409833,34,34,True,2784.4528985497163,4475.624791399787,3340.981616450017,11964.580366999871,172108912,0|0|0,292
rep2_sqlite-plugin-2.2.23-control_write-heavy_c64,sqlite-plugin-2.2.23-control,woocommerce-5gb,write-heavy,64,2,37.115506,6.331586,2.694292,3.798951,8364.349062021287,3009.0327405176245,8169.241624999813,11820.144603999779,15572.992295600488,17331.25290628017,41,41,True,7407.365924450142,9082.862850000583,7272.205995850163,16625.8494101,108590872,0|0|0,274
rep3_sqlite-plugin-2.2.23-control_write-heavy_c64,sqlite-plugin-2.2.23-control,woocommerce-5gb,write-heavy,64,3,33.304137,5.614918,2.462157,3.543103,9609.295010000063,3474.4990152378714,7924.659041000268,15635.944229000415,19539.601004399807,20877.477148140424,36,36,True,7577.31736865053,10774.650356849816,7066.667875600433,20060.48174550051,77217072,0|0|0,205
